workload,workload_label,policy,policy_label,system,system_label,time,lambda,utilization,avg_queue_length,avg_active_servers,avg_waiting_time
step_spike,Step spike,balanced,Balanced,static_c2,Static c=2,10.0,2.0,0.1998469789435168,0.0158877003220824,2.0,0.006703313575966509
step_spike,Step spike,balanced,Balanced,static_c2,Static c=2,20.0,2.0,0.2011928422538066,0.015637011555838833,2.0,0.007605223290105507
step_spike,Step spike,balanced,Balanced,static_c2,Static c=2,30.0,2.0,0.18926741880291575,0.015150174182994205,2.0,0.0073212926688224
step_spike,Step spike,balanced,Balanced,static_c2,Static c=2,40.0,2.0,0.20456973140708054,0.01911369576719157,2.0,0.007817543918929953
step_spike,Step spike,balanced,Balanced,static_c2,Static c=2,50,2.0,0.2001466244048598,0.014701403065066475,2.0,0.006560730685687661
step_spike,Step spike,balanced,Balanced,static_c2,Static c=2,60.0,8.0,0.7553556174178978,2.1742488180241684,2.0,0.2589686362189313
step_spike,Step spike,balanced,Balanced,static_c2,Static c=2,70.0,8.0,0.7960556140317498,2.823379058077579,2.0,0.33643877799992966
step_spike,Step spike,balanced,Balanced,static_c2,Static c=2,80.0,8.0,0.8022741172046471,2.722060783896202,2.0,0.3305461818810199
step_spike,Step spike,balanced,Balanced,static_c2,Static c=2,90.0,8.0,0.8062987493153421,3.1174182142903772,2.0,0.37007121572094875
step_spike,Step spike,balanced,Balanced,static_c2,Static c=2,100,8.0,0.8075520296166858,3.111439933832514,2.0,0.37720030239867547
step_spike,Step spike,balanced,Balanced,static_c2,Static c=2,110.0,18.0,0.9956975567539758,42.10875210568371,2.0,2.326257262854715
step_spike,Step spike,balanced,Balanced,static_c2,Static c=2,120.0,18.0,1.0,118.30973528905807,2.0,6.639686369835016
step_spike,Step spike,balanced,Balanced,static_c2,Static c=2,130.0,18.0,1.0,197.81553851246204,2.0,10.946945044979925
step_spike,Step spike,balanced,Balanced,static_c2,Static c=2,140.0,18.0,1.0,277.8388964840274,2.0,15.364871669016493
step_spike,Step spike,balanced,Balanced,static_c2,Static c=2,150,18.0,1.0,357.22683644205955,2.0,19.76399891389015
step_spike,Step spike,balanced,Balanced,static_c2,Static c=2,160.0,5.0,1.0,371.680278687674,2.0,24.202199976631167
step_spike,Step spike,balanced,Balanced,static_c2,Static c=2,170.0,5.0,1.0,321.80779961340073,2.0,28.662089635081305
step_spike,Step spike,balanced,Balanced,static_c2,Static c=2,180.0,5.0,1.0,270.8410930561836,2.0,33.09056058054888
step_spike,Step spike,balanced,Balanced,static_c2,Static c=2,190.0,5.0,1.0,221.22668312512582,2.0,36.97735440050181
step_spike,Step spike,balanced,Balanced,static_c2,Static c=2,200,5.0,1.0,170.48561067347043,2.0,33.601854169114716
step_spike,Step spike,balanced,Balanced,static_c2,Static c=2,210.0,2.0,0.9838327164331656,104.38981405445813,2.0,24.012490392418
step_spike,Step spike,balanced,Balanced,static_c2,Static c=2,220.0,2.0,0.7458347114768193,35.4916334371557,2.0,12.924059812945819
step_spike,Step spike,balanced,Balanced,static_c2,Static c=2,230.0,2.0,0.33375030816194545,4.432466187633451,2.0,2.6692244207256066
step_spike,Step spike,balanced,Balanced,static_c2,Static c=2,240.0,2.0,0.19982229221294426,0.08259380522327066,2.0,0.09936768063353903
step_spike,Step spike,balanced,Balanced,static_c2,Static c=2,250.0,2.0,0.19484021546053187,0.015840383556205262,2.0,0.007863588473807694
step_spike,Step spike,balanced,Balanced,static_c6,Static c=6,10.0,2.0,0.06683169111568815,0.0,6.0,0.0
step_spike,Step spike,balanced,Balanced,static_c6,Static c=6,20.0,2.0,0.06722432306337306,0.0,6.0,0.0
step_spike,Step spike,balanced,Balanced,static_c6,Static c=6,30.0,2.0,0.06377873692532576,0.0,6.0,0.0
step_spike,Step spike,balanced,Balanced,static_c6,Static c=6,40.0,2.0,0.06954010778912473,0.0,6.0,0.0
step_spike,Step spike,balanced,Balanced,static_c6,Static c=6,50,2.0,0.06733323985754484,0.0,6.0,0.0
step_spike,Step spike,balanced,Balanced,static_c6,Static c=6,60.0,8.0,0.2661435903201292,0.0022649210337918214,6.0,0.000257945161743455
step_spike,Step spike,balanced,Balanced,static_c6,Static c=6,70.0,8.0,0.27110392149085405,0.0013781137769360398,6.0,0.0001632506958356534
step_spike,Step spike,balanced,Balanced,static_c6,Static c=6,80.0,8.0,0.26890672146584527,0.0012131254750895552,6.0,0.00013948955042432222
step_spike,Step spike,balanced,Balanced,static_c6,Static c=6,90.0,8.0,0.27183985809041844,0.0014467200675287444,6.0,0.00016855770881970297
step_spike,Step spike,balanced,Balanced,static_c6,Static c=6,100,8.0,0.26648907437629166,0.0017666279349361253,6.0,0.00021742730732488274
step_spike,Step spike,balanced,Balanced,static_c6,Static c=6,110.0,18.0,0.5996774107852691,0.33492063402657346,6.0,0.017994727715152047
step_spike,Step spike,balanced,Balanced,static_c6,Static c=6,120.0,18.0,0.6023757005699684,0.29494650890128615,6.0,0.01590129018403127
step_spike,Step spike,balanced,Balanced,static_c6,Static c=6,130.0,18.0,0.5932736351301517,0.2573494813419247,6.0,0.013911558100598487
step_spike,Step spike,balanced,Balanced,static_c6,Static c=6,140.0,18.0,0.6068253666980487,0.35489390679385885,6.0,0.01916291295898198
step_spike,Step spike,balanced,Balanced,static_c6,Static c=6,150,18.0,0.5891701131567306,0.27812357248042013,6.0,0.015262144907301545
step_spike,Step spike,balanced,Balanced,static_c6,Static c=6,160.0,5.0,0.17957324133967922,0.004030704754468245,6.0,0.0016146647424116647
step_spike,Step spike,balanced,Balanced,static_c6,Static c=6,170.0,5.0,0.1698243899244744,2.7380898021334587e-05,6.0,4.3461742891007285e-06
step_spike,Step spike,balanced,Balanced,static_c6,Static c=6,180.0,5.0,0.16982496328624383,0.0001013796217490892,6.0,1.823915982293324e-05
step_spike,Step spike,balanced,Balanced,static_c6,Static c=6,190.0,5.0,0.16789874084437795,6.0113927373919294e-05,6.0,1.0169985473962407e-05
step_spike,Step spike,balanced,Balanced,static_c6,Static c=6,200,5.0,0.1682993824644088,0.0,6.0,0.0
step_spike,Step spike,balanced,Balanced,static_c6,Static c=6,210.0,2.0,0.07036698774975944,0.0,6.0,0.0
step_spike,Step spike,balanced,Balanced,static_c6,Static c=6,220.0,2.0,0.06876493090221808,0.0,6.0,0.0
step_spike,Step spike,balanced,Balanced,static_c6,Static c=6,230.0,2.0,0.06437426705820411,0.0,6.0,0.0
step_spike,Step spike,balanced,Balanced,static_c6,Static c=6,240.0,2.0,0.0603743514938374,0.0,6.0,0.0
step_spike,Step spike,balanced,Balanced,static_c6,Static c=6,250.0,2.0,0.0649539669758269,0.0,6.0,0.0
step_spike,Step spike,balanced,Balanced,dynamic,Dynamic - Balanced,10.0,2.0,0.1998469789435168,0.0158877003220824,2.0,0.006703313575966509
step_spike,Step spike,balanced,Balanced,dynamic,Dynamic - Balanced,20.0,2.0,0.25779610369182226,0.07312974519904286,1.65,0.03388358554244068
step_spike,Step spike,balanced,Balanced,dynamic,Dynamic - Balanced,30.0,2.0,0.28944930551892456,0.1341117486777339,1.46,0.0642800422998845
step_spike,Step spike,balanced,Balanced,dynamic,Dynamic - Balanced,40.0,2.0,0.35049493560617706,0.19801734039477012,1.27,0.0950832867936842
step_spike,Step spike,balanced,Balanced,dynamic,Dynamic - Balanced,50,2.0,0.3732593240037687,0.20624851926676083,1.18,0.09337764875812495
step_spike,Step spike,balanced,Balanced,dynamic,Dynamic - Balanced,60.0,8.0,0.9600270554239501,15.19306312217042,1.09,1.8722725362059505
step_spike,Step spike,balanced,Balanced,dynamic,Dynamic - Balanced,70.0,8.0,0.9522936284854323,22.41755589139453,1.93,2.795812969720456
step_spike,Step spike,balanced,Balanced,dynamic,Dynamic - Balanced,80.0,8.0,0.873791459733564,13.164036963102017,2.06,1.631806073578753
step_spike,Step spike,balanced,Balanced,dynamic,Dynamic - Balanced,90.0,8.0,0.6637145971193266,4.650479957359273,2.68,0.6301823915956183
step_spike,Step spike,balanced,Balanced,dynamic,Dynamic - Balanced,100,8.0,0.5800965599290686,1.2749977047889276,2.87,0.18395856657504076
step_spike,Step spike,balanced,Balanced,dynamic,Dynamic - Balanced,110.0,18.0,0.9748588132779878,17.766582854381003,2.94,0.9840699505915859
step_spike,Step spike,balanced,Balanced,dynamic,Dynamic - Balanced,120.0,18.0,0.9561911335433687,26.40946230838491,3.87,1.452350226335075
step_spike,Step spike,balanced,Balanced,dynamic,Dynamic - Balanced,130.0,18.0,0.9198904743816815,22.878151649281378,3.94,1.2470739969740863
step_spike,Step spike,balanced,Balanced,dynamic,Dynamic - Balanced,140.0,18.0,0.8070814991542434,14.633075580477941,4.75,0.8097721000916591
step_spike,Step spike,balanced,Balanced,dynamic,Dynamic - Balanced,150,18.0,0.7347291990240863,7.6123251425177845,4.94,0.43197062258451724
step_spike,Step spike,balanced,Balanced,dynamic,Dynamic - Balanced,160.0,5.0,0.22843509893444078,1.8328026314065886,5.09,0.2081051643292976
step_spike,Step spike,balanced,Balanced,dynamic,Dynamic - Balanced,170.0,5.0,0.23454322291301538,0.020140704975759264,4.54,0.01293635371201959
step_spike,Step spike,balanced,Balanced,dynamic,Dynamic - Balanced,180.0,5.0,0.24297803374374624,0.006229142975091322,4.17,0.0012168179223059983
step_spike,Step spike,balanced,Balanced,dynamic,Dynamic - Balanced,190.0,5.0,0.2744202643129926,0.021332162698805942,3.82,0.003954546641038387
step_spike,Step spike,balanced,Balanced,dynamic,Dynamic - Balanced,200,5.0,0.30013153782942376,0.02228255399529201,3.46,0.004208961560058849
step_spike,Step spike,balanced,Balanced,dynamic,Dynamic - Balanced,210.0,2.0,0.1338611448546173,0.0014125177855614764,3.26,0.0006480082190574617
step_spike,Step spike,balanced,Balanced,dynamic,Dynamic - Balanced,220.0,2.0,0.15286858819392438,0.010901188605740113,2.59,0.004285071863923937
step_spike,Step spike,balanced,Balanced,dynamic,Dynamic - Balanced,230.0,2.0,0.17237319514495109,0.010552331274224318,2.31,0.004893785159205844
step_spike,Step spike,balanced,Balanced,dynamic,Dynamic - Balanced,240.0,2.0,0.21539478100805393,0.06218626230294274,1.89,0.028167454552380792
step_spike,Step spike,balanced,Balanced,dynamic,Dynamic - Balanced,250.0,2.0,0.2676073803716794,0.09549841763182557,1.67,0.042271503209700724
step_spike,Step spike,aggressive,Aggressive,static_c2,Static c=2,10.0,2.0,0.1998469789435168,0.0158877003220824,2.0,0.006703313575966509
step_spike,Step spike,aggressive,Aggressive,static_c2,Static c=2,20.0,2.0,0.2011928422538066,0.015637011555838833,2.0,0.007605223290105507
step_spike,Step spike,aggressive,Aggressive,static_c2,Static c=2,30.0,2.0,0.18926741880291575,0.015150174182994205,2.0,0.0073212926688224
step_spike,Step spike,aggressive,Aggressive,static_c2,Static c=2,40.0,2.0,0.20456973140708054,0.01911369576719157,2.0,0.007817543918929953
step_spike,Step spike,aggressive,Aggressive,static_c2,Static c=2,50,2.0,0.2001466244048598,0.014701403065066475,2.0,0.006560730685687661
step_spike,Step spike,aggressive,Aggressive,static_c2,Static c=2,60.0,8.0,0.7553556174178978,2.1742488180241684,2.0,0.2589686362189313
step_spike,Step spike,aggressive,Aggressive,static_c2,Static c=2,70.0,8.0,0.7960556140317498,2.823379058077579,2.0,0.33643877799992966
step_spike,Step spike,aggressive,Aggressive,static_c2,Static c=2,80.0,8.0,0.8022741172046471,2.722060783896202,2.0,0.3305461818810199
step_spike,Step spike,aggressive,Aggressive,static_c2,Static c=2,90.0,8.0,0.8062987493153421,3.1174182142903772,2.0,0.37007121572094875
step_spike,Step spike,aggressive,Aggressive,static_c2,Static c=2,100,8.0,0.8075520296166858,3.111439933832514,2.0,0.37720030239867547
step_spike,Step spike,aggressive,Aggressive,static_c2,Static c=2,110.0,18.0,0.9956975567539758,42.10875210568371,2.0,2.326257262854715
step_spike,Step spike,aggressive,Aggressive,static_c2,Static c=2,120.0,18.0,1.0,118.30973528905807,2.0,6.639686369835016
step_spike,Step spike,aggressive,Aggressive,static_c2,Static c=2,130.0,18.0,1.0,197.81553851246204,2.0,10.946945044979925
step_spike,Step spike,aggressive,Aggressive,static_c2,Static c=2,140.0,18.0,1.0,277.8388964840274,2.0,15.364871669016493
step_spike,Step spike,aggressive,Aggressive,static_c2,Static c=2,150,18.0,1.0,357.22683644205955,2.0,19.76399891389015
step_spike,Step spike,aggressive,Aggressive,static_c2,Static c=2,160.0,5.0,1.0,371.680278687674,2.0,24.202199976631167
step_spike,Step spike,aggressive,Aggressive,static_c2,Static c=2,170.0,5.0,1.0,321.80779961340073,2.0,28.662089635081305
step_spike,Step spike,aggressive,Aggressive,static_c2,Static c=2,180.0,5.0,1.0,270.8410930561836,2.0,33.09056058054888
step_spike,Step spike,aggressive,Aggressive,static_c2,Static c=2,190.0,5.0,1.0,221.22668312512582,2.0,36.97735440050181
step_spike,Step spike,aggressive,Aggressive,static_c2,Static c=2,200,5.0,1.0,170.48561067347043,2.0,33.601854169114716
step_spike,Step spike,aggressive,Aggressive,static_c2,Static c=2,210.0,2.0,0.9838327164331656,104.38981405445813,2.0,24.012490392418
step_spike,Step spike,aggressive,Aggressive,static_c2,Static c=2,220.0,2.0,0.7458347114768193,35.4916334371557,2.0,12.924059812945819
step_spike,Step spike,aggressive,Aggressive,static_c2,Static c=2,230.0,2.0,0.33375030816194545,4.432466187633451,2.0,2.6692244207256066
step_spike,Step spike,aggressive,Aggressive,static_c2,Static c=2,240.0,2.0,0.19982229221294426,0.08259380522327066,2.0,0.09936768063353903
step_spike,Step spike,aggressive,Aggressive,static_c2,Static c=2,250.0,2.0,0.19484021546053187,0.015840383556205262,2.0,0.007863588473807694
step_spike,Step spike,aggressive,Aggressive,static_c6,Static c=6,10.0,2.0,0.06683169111568815,0.0,6.0,0.0
step_spike,Step spike,aggressive,Aggressive,static_c6,Static c=6,20.0,2.0,0.06722432306337306,0.0,6.0,0.0
step_spike,Step spike,aggressive,Aggressive,static_c6,Static c=6,30.0,2.0,0.06377873692532576,0.0,6.0,0.0
step_spike,Step spike,aggressive,Aggressive,static_c6,Static c=6,40.0,2.0,0.06954010778912473,0.0,6.0,0.0
step_spike,Step spike,aggressive,Aggressive,static_c6,Static c=6,50,2.0,0.06733323985754484,0.0,6.0,0.0
step_spike,Step spike,aggressive,Aggressive,static_c6,Static c=6,60.0,8.0,0.2661435903201292,0.0022649210337918214,6.0,0.000257945161743455
step_spike,Step spike,aggressive,Aggressive,static_c6,Static c=6,70.0,8.0,0.27110392149085405,0.0013781137769360398,6.0,0.0001632506958356534
step_spike,Step spike,aggressive,Aggressive,static_c6,Static c=6,80.0,8.0,0.26890672146584527,0.0012131254750895552,6.0,0.00013948955042432222
step_spike,Step spike,aggressive,Aggressive,static_c6,Static c=6,90.0,8.0,0.27183985809041844,0.0014467200675287444,6.0,0.00016855770881970297
step_spike,Step spike,aggressive,Aggressive,static_c6,Static c=6,100,8.0,0.26648907437629166,0.0017666279349361253,6.0,0.00021742730732488274
step_spike,Step spike,aggressive,Aggressive,static_c6,Static c=6,110.0,18.0,0.5996774107852691,0.33492063402657346,6.0,0.017994727715152047
step_spike,Step spike,aggressive,Aggressive,static_c6,Static c=6,120.0,18.0,0.6023757005699684,0.29494650890128615,6.0,0.01590129018403127
step_spike,Step spike,aggressive,Aggressive,static_c6,Static c=6,130.0,18.0,0.5932736351301517,0.2573494813419247,6.0,0.013911558100598487
step_spike,Step spike,aggressive,Aggressive,static_c6,Static c=6,140.0,18.0,0.6068253666980487,0.35489390679385885,6.0,0.01916291295898198
step_spike,Step spike,aggressive,Aggressive,static_c6,Static c=6,150,18.0,0.5891701131567306,0.27812357248042013,6.0,0.015262144907301545
step_spike,Step spike,aggressive,Aggressive,static_c6,Static c=6,160.0,5.0,0.17957324133967922,0.004030704754468245,6.0,0.0016146647424116647
step_spike,Step spike,aggressive,Aggressive,static_c6,Static c=6,170.0,5.0,0.1698243899244744,2.7380898021334587e-05,6.0,4.3461742891007285e-06
step_spike,Step spike,aggressive,Aggressive,static_c6,Static c=6,180.0,5.0,0.16982496328624383,0.0001013796217490892,6.0,1.823915982293324e-05
step_spike,Step spike,aggressive,Aggressive,static_c6,Static c=6,190.0,5.0,0.16789874084437795,6.0113927373919294e-05,6.0,1.0169985473962407e-05
step_spike,Step spike,aggressive,Aggressive,static_c6,Static c=6,200,5.0,0.1682993824644088,0.0,6.0,0.0
step_spike,Step spike,aggressive,Aggressive,static_c6,Static c=6,210.0,2.0,0.07036698774975944,0.0,6.0,0.0
step_spike,Step spike,aggressive,Aggressive,static_c6,Static c=6,220.0,2.0,0.06876493090221808,0.0,6.0,0.0
step_spike,Step spike,aggressive,Aggressive,static_c6,Static c=6,230.0,2.0,0.06437426705820411,0.0,6.0,0.0
step_spike,Step spike,aggressive,Aggressive,static_c6,Static c=6,240.0,2.0,0.0603743514938374,0.0,6.0,0.0
step_spike,Step spike,aggressive,Aggressive,static_c6,Static c=6,250.0,2.0,0.0649539669758269,0.0,6.0,0.0
step_spike,Step spike,aggressive,Aggressive,dynamic,Dynamic - Aggressive,10.0,2.0,0.1998469789435168,0.0158877003220824,2.0,0.006703313575966509
step_spike,Step spike,aggressive,Aggressive,dynamic,Dynamic - Aggressive,20.0,2.0,0.25306521719914216,0.06325963720502609,1.67,0.029728137972081653
step_spike,Step spike,aggressive,Aggressive,dynamic,Dynamic - Aggressive,30.0,2.0,0.2858364917054834,0.12556792328406124,1.48,0.06060954547605779
step_spike,Step spike,aggressive,Aggressive,dynamic,Dynamic - Aggressive,40.0,2.0,0.34464711222567707,0.18725490397392647,1.29,0.08763067395712389
step_spike,Step spike,aggressive,Aggressive,dynamic,Dynamic - Aggressive,50,2.0,0.36340699219840106,0.19285463941499967,1.21,0.08799495672724865
step_spike,Step spike,aggressive,Aggressive,dynamic,Dynamic - Aggressive,60.0,8.0,0.9571995506319376,14.885490460421343,1.11,1.8384755663460615
step_spike,Step spike,aggressive,Aggressive,dynamic,Dynamic - Aggressive,70.0,8.0,0.9243486269719352,19.731157986782588,2.1,2.4593701751035333
step_spike,Step spike,aggressive,Aggressive,dynamic,Dynamic - Aggressive,80.0,8.0,0.6250997770230846,2.9934809603547676,3.01,0.4700775090872946
step_spike,Step spike,aggressive,Aggressive,dynamic,Dynamic - Aggressive,90.0,8.0,0.5086234660516126,0.25091646508035287,3.23,0.029931559252018625
step_spike,Step spike,aggressive,Aggressive,dynamic,Dynamic - Aggressive,100,8.0,0.49796450503584105,0.24339463786254878,3.26,0.02932188619449613
step_spike,Step spike,aggressive,Aggressive,dynamic,Dynamic - Aggressive,110.0,18.0,0.9394911110104326,13.36334024063325,3.3,0.7424800913306119
step_spike,Step spike,aggressive,Aggressive,dynamic,Dynamic - Aggressive,120.0,18.0,0.885610183277568,15.13687004296196,4.29,0.837727838356915
step_spike,Step spike,aggressive,Aggressive,dynamic,Dynamic - Aggressive,130.0,18.0,0.7174528560086375,3.1877774427631467,5.2,0.19644947077936833
step_spike,Step spike,aggressive,Aggressive,dynamic,Dynamic - Aggressive,140.0,18.0,0.6356074022429049,0.6120026880005461,5.78,0.03338684462660156
step_spike,Step spike,aggressive,Aggressive,dynamic,Dynamic - Aggressive,150,18.0,0.5898787837822725,0.30544988121736627,5.99,0.016605254423079505
step_spike,Step spike,aggressive,Aggressive,dynamic,Dynamic - Aggressive,160.0,5.0,0.17731883626053066,0.00532924828740886,6.06,0.0017547889126811786
step_spike,Step spike,aggressive,Aggressive,dynamic,Dynamic - Aggressive,170.0,5.0,0.19443149294240566,0.0007364525358943012,5.24,0.00013628646541016318
step_spike,Step spike,aggressive,Aggressive,dynamic,Dynamic - Aggressive,180.0,5.0,0.23587348916675022,0.003883392118838999,4.44,0.0007489486943702594
step_spike,Step spike,aggressive,Aggressive,dynamic,Dynamic - Aggressive,190.0,5.0,0.2619990493930795,0.010431110376097848,3.95,0.0019190776759711624
step_spike,Step spike,aggressive,Aggressive,dynamic,Dynamic - Aggressive,200,5.0,0.2845890286746081,0.025245922921583352,3.6,0.004327085026343642
step_spike,Step spike,aggressive,Aggressive,dynamic,Dynamic - Aggressive,210.0,2.0,0.13290371661945874,0.0076541306773441975,3.34,0.005139667518508101
step_spike,Step spike,aggressive,Aggressive,dynamic,Dynamic - Aggressive,220.0,2.0,0.16124781812195285,0.00994035727312513,2.53,0.004746067581610714
step_spike,Step spike,aggressive,Aggressive,dynamic,Dynamic - Aggressive,230.0,2.0,0.21694826105208645,0.055914847684419365,1.91,0.025711800760238778
step_spike,Step spike,aggressive,Aggressive,dynamic,Dynamic - Aggressive,240.0,2.0,0.28088308911031024,0.14152893233609118,1.61,0.06240115625355572
step_spike,Step spike,aggressive,Aggressive,dynamic,Dynamic - Aggressive,250.0,2.0,0.3210849083810798,0.1629158478805796,1.43,0.07580854451511689
step_spike,Step spike,conservative,Conservative,static_c2,Static c=2,10.0,2.0,0.1998469789435168,0.0158877003220824,2.0,0.006703313575966509
step_spike,Step spike,conservative,Conservative,static_c2,Static c=2,20.0,2.0,0.2011928422538066,0.015637011555838833,2.0,0.007605223290105507
step_spike,Step spike,conservative,Conservative,static_c2,Static c=2,30.0,2.0,0.18926741880291575,0.015150174182994205,2.0,0.0073212926688224
step_spike,Step spike,conservative,Conservative,static_c2,Static c=2,40.0,2.0,0.20456973140708054,0.01911369576719157,2.0,0.007817543918929953
step_spike,Step spike,conservative,Conservative,static_c2,Static c=2,50,2.0,0.2001466244048598,0.014701403065066475,2.0,0.006560730685687661
step_spike,Step spike,conservative,Conservative,static_c2,Static c=2,60.0,8.0,0.7553556174178978,2.1742488180241684,2.0,0.2589686362189313
step_spike,Step spike,conservative,Conservative,static_c2,Static c=2,70.0,8.0,0.7960556140317498,2.823379058077579,2.0,0.33643877799992966
step_spike,Step spike,conservative,Conservative,static_c2,Static c=2,80.0,8.0,0.8022741172046471,2.722060783896202,2.0,0.3305461818810199
step_spike,Step spike,conservative,Conservative,static_c2,Static c=2,90.0,8.0,0.8062987493153421,3.1174182142903772,2.0,0.37007121572094875
step_spike,Step spike,conservative,Conservative,static_c2,Static c=2,100,8.0,0.8075520296166858,3.111439933832514,2.0,0.37720030239867547
step_spike,Step spike,conservative,Conservative,static_c2,Static c=2,110.0,18.0,0.9956975567539758,42.10875210568371,2.0,2.326257262854715
step_spike,Step spike,conservative,Conservative,static_c2,Static c=2,120.0,18.0,1.0,118.30973528905807,2.0,6.639686369835016
step_spike,Step spike,conservative,Conservative,static_c2,Static c=2,130.0,18.0,1.0,197.81553851246204,2.0,10.946945044979925
step_spike,Step spike,conservative,Conservative,static_c2,Static c=2,140.0,18.0,1.0,277.8388964840274,2.0,15.364871669016493
step_spike,Step spike,conservative,Conservative,static_c2,Static c=2,150,18.0,1.0,357.22683644205955,2.0,19.76399891389015
step_spike,Step spike,conservative,Conservative,static_c2,Static c=2,160.0,5.0,1.0,371.680278687674,2.0,24.202199976631167
step_spike,Step spike,conservative,Conservative,static_c2,Static c=2,170.0,5.0,1.0,321.80779961340073,2.0,28.662089635081305
step_spike,Step spike,conservative,Conservative,static_c2,Static c=2,180.0,5.0,1.0,270.8410930561836,2.0,33.09056058054888
step_spike,Step spike,conservative,Conservative,static_c2,Static c=2,190.0,5.0,1.0,221.22668312512582,2.0,36.97735440050181
step_spike,Step spike,conservative,Conservative,static_c2,Static c=2,200,5.0,1.0,170.48561067347043,2.0,33.601854169114716
step_spike,Step spike,conservative,Conservative,static_c2,Static c=2,210.0,2.0,0.9838327164331656,104.38981405445813,2.0,24.012490392418
step_spike,Step spike,conservative,Conservative,static_c2,Static c=2,220.0,2.0,0.7458347114768193,35.4916334371557,2.0,12.924059812945819
step_spike,Step spike,conservative,Conservative,static_c2,Static c=2,230.0,2.0,0.33375030816194545,4.432466187633451,2.0,2.6692244207256066
step_spike,Step spike,conservative,Conservative,static_c2,Static c=2,240.0,2.0,0.19982229221294426,0.08259380522327066,2.0,0.09936768063353903
step_spike,Step spike,conservative,Conservative,static_c2,Static c=2,250.0,2.0,0.19484021546053187,0.015840383556205262,2.0,0.007863588473807694
step_spike,Step spike,conservative,Conservative,static_c6,Static c=6,10.0,2.0,0.06683169111568815,0.0,6.0,0.0
step_spike,Step spike,conservative,Conservative,static_c6,Static c=6,20.0,2.0,0.06722432306337306,0.0,6.0,0.0
step_spike,Step spike,conservative,Conservative,static_c6,Static c=6,30.0,2.0,0.06377873692532576,0.0,6.0,0.0
step_spike,Step spike,conservative,Conservative,static_c6,Static c=6,40.0,2.0,0.06954010778912473,0.0,6.0,0.0
step_spike,Step spike,conservative,Conservative,static_c6,Static c=6,50,2.0,0.06733323985754484,0.0,6.0,0.0
step_spike,Step spike,conservative,Conservative,static_c6,Static c=6,60.0,8.0,0.2661435903201292,0.0022649210337918214,6.0,0.000257945161743455
step_spike,Step spike,conservative,Conservative,static_c6,Static c=6,70.0,8.0,0.27110392149085405,0.0013781137769360398,6.0,0.0001632506958356534
step_spike,Step spike,conservative,Conservative,static_c6,Static c=6,80.0,8.0,0.26890672146584527,0.0012131254750895552,6.0,0.00013948955042432222
step_spike,Step spike,conservative,Conservative,static_c6,Static c=6,90.0,8.0,0.27183985809041844,0.0014467200675287444,6.0,0.00016855770881970297
step_spike,Step spike,conservative,Conservative,static_c6,Static c=6,100,8.0,0.26648907437629166,0.0017666279349361253,6.0,0.00021742730732488274
step_spike,Step spike,conservative,Conservative,static_c6,Static c=6,110.0,18.0,0.5996774107852691,0.33492063402657346,6.0,0.017994727715152047
step_spike,Step spike,conservative,Conservative,static_c6,Static c=6,120.0,18.0,0.6023757005699684,0.29494650890128615,6.0,0.01590129018403127
step_spike,Step spike,conservative,Conservative,static_c6,Static c=6,130.0,18.0,0.5932736351301517,0.2573494813419247,6.0,0.013911558100598487
step_spike,Step spike,conservative,Conservative,static_c6,Static c=6,140.0,18.0,0.6068253666980487,0.35489390679385885,6.0,0.01916291295898198
step_spike,Step spike,conservative,Conservative,static_c6,Static c=6,150,18.0,0.5891701131567306,0.27812357248042013,6.0,0.015262144907301545
step_spike,Step spike,conservative,Conservative,static_c6,Static c=6,160.0,5.0,0.17957324133967922,0.004030704754468245,6.0,0.0016146647424116647
step_spike,Step spike,conservative,Conservative,static_c6,Static c=6,170.0,5.0,0.1698243899244744,2.7380898021334587e-05,6.0,4.3461742891007285e-06
step_spike,Step spike,conservative,Conservative,static_c6,Static c=6,180.0,5.0,0.16982496328624383,0.0001013796217490892,6.0,1.823915982293324e-05
step_spike,Step spike,conservative,Conservative,static_c6,Static c=6,190.0,5.0,0.16789874084437795,6.0113927373919294e-05,6.0,1.0169985473962407e-05
step_spike,Step spike,conservative,Conservative,static_c6,Static c=6,200,5.0,0.1682993824644088,0.0,6.0,0.0
step_spike,Step spike,conservative,Conservative,static_c6,Static c=6,210.0,2.0,0.07036698774975944,0.0,6.0,0.0
step_spike,Step spike,conservative,Conservative,static_c6,Static c=6,220.0,2.0,0.06876493090221808,0.0,6.0,0.0
step_spike,Step spike,conservative,Conservative,static_c6,Static c=6,230.0,2.0,0.06437426705820411,0.0,6.0,0.0
step_spike,Step spike,conservative,Conservative,static_c6,Static c=6,240.0,2.0,0.0603743514938374,0.0,6.0,0.0
step_spike,Step spike,conservative,Conservative,static_c6,Static c=6,250.0,2.0,0.0649539669758269,0.0,6.0,0.0
step_spike,Step spike,conservative,Conservative,dynamic,Dynamic - Conservative,10.0,2.0,0.1998469789435168,0.0158877003220824,2.0,0.006703313575966509
step_spike,Step spike,conservative,Conservative,dynamic,Dynamic - Conservative,20.0,2.0,0.24254027910343262,0.05776170405600406,1.73,0.026527809604880374
step_spike,Step spike,conservative,Conservative,dynamic,Dynamic - Conservative,30.0,2.0,0.26780461359535296,0.10271785342480141,1.58,0.04895366697663027
step_spike,Step spike,conservative,Conservative,dynamic,Dynamic - Conservative,40.0,2.0,0.33102437410070734,0.18055283463853963,1.37,0.08250771859970525
step_spike,Step spike,conservative,Conservative,dynamic,Dynamic - Conservative,50,2.0,0.35133994243257727,0.1808591217845927,1.25,0.08265269692943251
step_spike,Step spike,conservative,Conservative,dynamic,Dynamic - Conservative,60.0,8.0,0.9463825315846089,13.850379888065365,1.17,1.7136764954085435
step_spike,Step spike,conservative,Conservative,dynamic,Dynamic - Conservative,70.0,8.0,0.9457522980165247,23.881869724181787,1.81,2.9633223593772304
step_spike,Step spike,conservative,Conservative,dynamic,Dynamic - Conservative,80.0,8.0,0.8793406008153949,18.666959022470486,1.98,2.3454952880256905
step_spike,Step spike,conservative,Conservative,dynamic,Dynamic - Conservative,90.0,8.0,0.8247423451126283,12.431290017753406,2.07,1.5501841011619553
step_spike,Step spike,conservative,Conservative,dynamic,Dynamic - Conservative,100,8.0,0.7571078909814942,7.695280603972925,2.3,0.9579085062795815
step_spike,Step spike,conservative,Conservative,dynamic,Dynamic - Conservative,110.0,18.0,0.9875076342365067,34.09090766130465,2.47,1.9624928732779372
step_spike,Step spike,conservative,Conservative,dynamic,Dynamic - Conservative,120.0,18.0,0.9976108293497368,72.82159428468798,3.07,4.044722010425298
step_spike,Step spike,conservative,Conservative,dynamic,Dynamic - Conservative,130.0,18.0,0.9935308740839686,92.69082073556831,3.3,5.10359552153074
step_spike,Step spike,conservative,Conservative,dynamic,Dynamic - Conservative,140.0,18.0,0.9864029060515297,104.24823901131583,3.47,5.802934114058718
step_spike,Step spike,conservative,Conservative,dynamic,Dynamic - Conservative,150,18.0,0.9627868192940789,98.55116008175273,4.04,5.451877564640946
step_spike,Step spike,conservative,Conservative,dynamic,Dynamic - Conservative,160.0,5.0,0.6577837979849331,45.48036707489726,4.2,4.240627826846327
step_spike,Step spike,conservative,Conservative,dynamic,Dynamic - Conservative,170.0,5.0,0.3068093252254413,2.582422197652404,4.23,0.7948616337884314
step_spike,Step spike,conservative,Conservative,dynamic,Dynamic - Conservative,180.0,5.0,0.24348244013780784,0.00568842106314017,4.19,0.0010872010601748012
step_spike,Step spike,conservative,Conservative,dynamic,Dynamic - Conservative,190.0,5.0,0.2588984853889709,0.01807621227610639,4.06,0.0031392175494954194
step_spike,Step spike,conservative,Conservative,dynamic,Dynamic - Conservative,200,5.0,0.26112204988121107,0.020342158366660413,3.91,0.003601046791069165
step_spike,Step spike,conservative,Conservative,dynamic,Dynamic - Conservative,210.0,2.0,0.1093422574790272,0.0005374809211943443,3.79,0.00022106888565414748
step_spike,Step spike,conservative,Conservative,dynamic,Dynamic - Conservative,220.0,2.0,0.13424947046154212,0.004308476707365969,3.1,0.0018674376337980188
step_spike,Step spike,conservative,Conservative,dynamic,Dynamic - Conservative,230.0,2.0,0.1415283497250717,0.002218632073018426,2.93,0.0009445353298947369
step_spike,Step spike,conservative,Conservative,dynamic,Dynamic - Conservative,240.0,2.0,0.13247732303329893,0.004410752162490952,2.81,0.0019212411306155494
step_spike,Step spike,conservative,Conservative,dynamic,Dynamic - Conservative,250.0,2.0,0.1852871262755349,0.02068243273130204,2.26,0.009890501212717211
step_spike,Step spike,queue_priority,Queue-priority,static_c2,Static c=2,10.0,2.0,0.1998469789435168,0.0158877003220824,2.0,0.006703313575966509
step_spike,Step spike,queue_priority,Queue-priority,static_c2,Static c=2,20.0,2.0,0.2011928422538066,0.015637011555838833,2.0,0.007605223290105507
step_spike,Step spike,queue_priority,Queue-priority,static_c2,Static c=2,30.0,2.0,0.18926741880291575,0.015150174182994205,2.0,0.0073212926688224
step_spike,Step spike,queue_priority,Queue-priority,static_c2,Static c=2,40.0,2.0,0.20456973140708054,0.01911369576719157,2.0,0.007817543918929953
step_spike,Step spike,queue_priority,Queue-priority,static_c2,Static c=2,50,2.0,0.2001466244048598,0.014701403065066475,2.0,0.006560730685687661
step_spike,Step spike,queue_priority,Queue-priority,static_c2,Static c=2,60.0,8.0,0.7553556174178978,2.1742488180241684,2.0,0.2589686362189313
step_spike,Step spike,queue_priority,Queue-priority,static_c2,Static c=2,70.0,8.0,0.7960556140317498,2.823379058077579,2.0,0.33643877799992966
step_spike,Step spike,queue_priority,Queue-priority,static_c2,Static c=2,80.0,8.0,0.8022741172046471,2.722060783896202,2.0,0.3305461818810199
step_spike,Step spike,queue_priority,Queue-priority,static_c2,Static c=2,90.0,8.0,0.8062987493153421,3.1174182142903772,2.0,0.37007121572094875
step_spike,Step spike,queue_priority,Queue-priority,static_c2,Static c=2,100,8.0,0.8075520296166858,3.111439933832514,2.0,0.37720030239867547
step_spike,Step spike,queue_priority,Queue-priority,static_c2,Static c=2,110.0,18.0,0.9956975567539758,42.10875210568371,2.0,2.326257262854715
step_spike,Step spike,queue_priority,Queue-priority,static_c2,Static c=2,120.0,18.0,1.0,118.30973528905807,2.0,6.639686369835016
step_spike,Step spike,queue_priority,Queue-priority,static_c2,Static c=2,130.0,18.0,1.0,197.81553851246204,2.0,10.946945044979925
step_spike,Step spike,queue_priority,Queue-priority,static_c2,Static c=2,140.0,18.0,1.0,277.8388964840274,2.0,15.364871669016493
step_spike,Step spike,queue_priority,Queue-priority,static_c2,Static c=2,150,18.0,1.0,357.22683644205955,2.0,19.76399891389015
step_spike,Step spike,queue_priority,Queue-priority,static_c2,Static c=2,160.0,5.0,1.0,371.680278687674,2.0,24.202199976631167
step_spike,Step spike,queue_priority,Queue-priority,static_c2,Static c=2,170.0,5.0,1.0,321.80779961340073,2.0,28.662089635081305
step_spike,Step spike,queue_priority,Queue-priority,static_c2,Static c=2,180.0,5.0,1.0,270.8410930561836,2.0,33.09056058054888
step_spike,Step spike,queue_priority,Queue-priority,static_c2,Static c=2,190.0,5.0,1.0,221.22668312512582,2.0,36.97735440050181
step_spike,Step spike,queue_priority,Queue-priority,static_c2,Static c=2,200,5.0,1.0,170.48561067347043,2.0,33.601854169114716
step_spike,Step spike,queue_priority,Queue-priority,static_c2,Static c=2,210.0,2.0,0.9838327164331656,104.38981405445813,2.0,24.012490392418
step_spike,Step spike,queue_priority,Queue-priority,static_c2,Static c=2,220.0,2.0,0.7458347114768193,35.4916334371557,2.0,12.924059812945819
step_spike,Step spike,queue_priority,Queue-priority,static_c2,Static c=2,230.0,2.0,0.33375030816194545,4.432466187633451,2.0,2.6692244207256066
step_spike,Step spike,queue_priority,Queue-priority,static_c2,Static c=2,240.0,2.0,0.19982229221294426,0.08259380522327066,2.0,0.09936768063353903
step_spike,Step spike,queue_priority,Queue-priority,static_c2,Static c=2,250.0,2.0,0.19484021546053187,0.015840383556205262,2.0,0.007863588473807694
step_spike,Step spike,queue_priority,Queue-priority,static_c6,Static c=6,10.0,2.0,0.06683169111568815,0.0,6.0,0.0
step_spike,Step spike,queue_priority,Queue-priority,static_c6,Static c=6,20.0,2.0,0.06722432306337306,0.0,6.0,0.0
step_spike,Step spike,queue_priority,Queue-priority,static_c6,Static c=6,30.0,2.0,0.06377873692532576,0.0,6.0,0.0
step_spike,Step spike,queue_priority,Queue-priority,static_c6,Static c=6,40.0,2.0,0.06954010778912473,0.0,6.0,0.0
step_spike,Step spike,queue_priority,Queue-priority,static_c6,Static c=6,50,2.0,0.06733323985754484,0.0,6.0,0.0
step_spike,Step spike,queue_priority,Queue-priority,static_c6,Static c=6,60.0,8.0,0.2661435903201292,0.0022649210337918214,6.0,0.000257945161743455
step_spike,Step spike,queue_priority,Queue-priority,static_c6,Static c=6,70.0,8.0,0.27110392149085405,0.0013781137769360398,6.0,0.0001632506958356534
step_spike,Step spike,queue_priority,Queue-priority,static_c6,Static c=6,80.0,8.0,0.26890672146584527,0.0012131254750895552,6.0,0.00013948955042432222
step_spike,Step spike,queue_priority,Queue-priority,static_c6,Static c=6,90.0,8.0,0.27183985809041844,0.0014467200675287444,6.0,0.00016855770881970297
step_spike,Step spike,queue_priority,Queue-priority,static_c6,Static c=6,100,8.0,0.26648907437629166,0.0017666279349361253,6.0,0.00021742730732488274
step_spike,Step spike,queue_priority,Queue-priority,static_c6,Static c=6,110.0,18.0,0.5996774107852691,0.33492063402657346,6.0,0.017994727715152047
step_spike,Step spike,queue_priority,Queue-priority,static_c6,Static c=6,120.0,18.0,0.6023757005699684,0.29494650890128615,6.0,0.01590129018403127
step_spike,Step spike,queue_priority,Queue-priority,static_c6,Static c=6,130.0,18.0,0.5932736351301517,0.2573494813419247,6.0,0.013911558100598487
step_spike,Step spike,queue_priority,Queue-priority,static_c6,Static c=6,140.0,18.0,0.6068253666980487,0.35489390679385885,6.0,0.01916291295898198
step_spike,Step spike,queue_priority,Queue-priority,static_c6,Static c=6,150,18.0,0.5891701131567306,0.27812357248042013,6.0,0.015262144907301545
step_spike,Step spike,queue_priority,Queue-priority,static_c6,Static c=6,160.0,5.0,0.17957324133967922,0.004030704754468245,6.0,0.0016146647424116647
step_spike,Step spike,queue_priority,Queue-priority,static_c6,Static c=6,170.0,5.0,0.1698243899244744,2.7380898021334587e-05,6.0,4.3461742891007285e-06
step_spike,Step spike,queue_priority,Queue-priority,static_c6,Static c=6,180.0,5.0,0.16982496328624383,0.0001013796217490892,6.0,1.823915982293324e-05
step_spike,Step spike,queue_priority,Queue-priority,static_c6,Static c=6,190.0,5.0,0.16789874084437795,6.0113927373919294e-05,6.0,1.0169985473962407e-05
step_spike,Step spike,queue_priority,Queue-priority,static_c6,Static c=6,200,5.0,0.1682993824644088,0.0,6.0,0.0
step_spike,Step spike,queue_priority,Queue-priority,static_c6,Static c=6,210.0,2.0,0.07036698774975944,0.0,6.0,0.0
step_spike,Step spike,queue_priority,Queue-priority,static_c6,Static c=6,220.0,2.0,0.06876493090221808,0.0,6.0,0.0
step_spike,Step spike,queue_priority,Queue-priority,static_c6,Static c=6,230.0,2.0,0.06437426705820411,0.0,6.0,0.0
step_spike,Step spike,queue_priority,Queue-priority,static_c6,Static c=6,240.0,2.0,0.0603743514938374,0.0,6.0,0.0
step_spike,Step spike,queue_priority,Queue-priority,static_c6,Static c=6,250.0,2.0,0.0649539669758269,0.0,6.0,0.0
step_spike,Step spike,queue_priority,Queue-priority,dynamic,Dynamic - Queue-priority,10.0,2.0,0.1998469789435168,0.0158877003220824,2.0,0.006703313575966509
step_spike,Step spike,queue_priority,Queue-priority,dynamic,Dynamic - Queue-priority,20.0,2.0,0.25779610369182226,0.07312974519904286,1.65,0.03388358554244068
step_spike,Step spike,queue_priority,Queue-priority,dynamic,Dynamic - Queue-priority,30.0,2.0,0.28944930551892456,0.1341117486777339,1.46,0.0642800422998845
step_spike,Step spike,queue_priority,Queue-priority,dynamic,Dynamic - Queue-priority,40.0,2.0,0.35049493560617706,0.19801734039477012,1.27,0.0950832867936842
step_spike,Step spike,queue_priority,Queue-priority,dynamic,Dynamic - Queue-priority,50,2.0,0.3732593240037687,0.20624851926676083,1.18,0.09337764875812495
step_spike,Step spike,queue_priority,Queue-priority,dynamic,Dynamic - Queue-priority,60.0,8.0,0.9600270554239501,15.19306312217042,1.09,1.8722725362059505
step_spike,Step spike,queue_priority,Queue-priority,dynamic,Dynamic - Queue-priority,70.0,8.0,0.9541440272571053,22.543484020285312,1.92,2.812282887773477
step_spike,Step spike,queue_priority,Queue-priority,dynamic,Dynamic - Queue-priority,80.0,8.0,0.8764789428592843,13.273413827301217,2.05,1.6485413408569796
step_spike,Step spike,queue_priority,Queue-priority,dynamic,Dynamic - Queue-priority,90.0,8.0,0.7071287556314789,5.007154972031078,2.49,0.6743097976245749
step_spike,Step spike,queue_priority,Queue-priority,dynamic,Dynamic - Queue-priority,100,8.0,0.6518525006832877,2.01924896954866,2.61,0.2730815129818612
step_spike,Step spike,queue_priority,Queue-priority,dynamic,Dynamic - Queue-priority,110.0,18.0,0.9790512406849655,22.687945123351422,2.69,1.2601153029386785
step_spike,Step spike,queue_priority,Queue-priority,dynamic,Dynamic - Queue-priority,120.0,18.0,0.9722940807616653,44.184309717868835,3.6,2.4293024257029554
step_spike,Step spike,queue_priority,Queue-priority,dynamic,Dynamic - Queue-priority,130.0,18.0,0.9442133643485711,49.809082190817186,3.69,2.7335660007823925
step_spike,Step spike,queue_priority,Queue-priority,dynamic,Dynamic - Queue-priority,140.0,18.0,0.89485836626866,46.02198193519965,4.32,2.5496282867487836
step_spike,Step spike,queue_priority,Queue-priority,dynamic,Dynamic - Queue-priority,150,18.0,0.8337349495911548,34.733955289499015,4.51,1.931691099827061
step_spike,Step spike,queue_priority,Queue-priority,dynamic,Dynamic - Queue-priority,160.0,5.0,0.34125740301285407,9.109622947946434,4.89,1.1018923723252245
step_spike,Step spike,queue_priority,Queue-priority,dynamic,Dynamic - Queue-priority,170.0,5.0,0.23125420430054425,0.02095314045856992,4.55,0.013109622025016485
step_spike,Step spike,queue_priority,Queue-priority,dynamic,Dynamic - Queue-priority,180.0,5.0,0.25084759232893855,0.009127818056183458,4.0,0.0017419584823583794
step_spike,Step spike,queue_priority,Queue-priority,dynamic,Dynamic - Queue-priority,190.0,5.0,0.2788043338968407,0.020218693157929096,3.79,0.0037474841448291328
step_spike,Step spike,queue_priority,Queue-priority,dynamic,Dynamic - Queue-priority,200,5.0,0.3020662354841115,0.03045399150274507,3.42,0.0058901852486791684
step_spike,Step spike,queue_priority,Queue-priority,dynamic,Dynamic - Queue-priority,210.0,2.0,0.13416531540873897,0.002339178189083981,3.19,0.0009597209106108604
step_spike,Step spike,queue_priority,Queue-priority,dynamic,Dynamic - Queue-priority,220.0,2.0,0.15608094471319084,0.008469537224455391,2.54,0.0036328354893516573
step_spike,Step spike,queue_priority,Queue-priority,dynamic,Dynamic - Queue-priority,230.0,2.0,0.1725810882768701,0.011796710267308101,2.26,0.005656617477955897
step_spike,Step spike,queue_priority,Queue-priority,dynamic,Dynamic - Queue-priority,240.0,2.0,0.21179512837129572,0.04788074006653008,1.89,0.020788384396342775
step_spike,Step spike,queue_priority,Queue-priority,dynamic,Dynamic - Queue-priority,250.0,2.0,0.2649684390677627,0.10590799346445369,1.63,0.04947739322108344
step_spike,Step spike,fast_response,Fast-response,static_c2,Static c=2,10.0,2.0,0.1998469789435168,0.0158877003220824,2.0,0.006703313575966509
step_spike,Step spike,fast_response,Fast-response,static_c2,Static c=2,20.0,2.0,0.2011928422538066,0.015637011555838833,2.0,0.007605223290105507
step_spike,Step spike,fast_response,Fast-response,static_c2,Static c=2,30.0,2.0,0.18926741880291575,0.015150174182994205,2.0,0.0073212926688224
step_spike,Step spike,fast_response,Fast-response,static_c2,Static c=2,40.0,2.0,0.20456973140708054,0.01911369576719157,2.0,0.007817543918929953
step_spike,Step spike,fast_response,Fast-response,static_c2,Static c=2,50,2.0,0.2001466244048598,0.014701403065066475,2.0,0.006560730685687661
step_spike,Step spike,fast_response,Fast-response,static_c2,Static c=2,60.0,8.0,0.7553556174178978,2.1742488180241684,2.0,0.2589686362189313
step_spike,Step spike,fast_response,Fast-response,static_c2,Static c=2,70.0,8.0,0.7960556140317498,2.823379058077579,2.0,0.33643877799992966
step_spike,Step spike,fast_response,Fast-response,static_c2,Static c=2,80.0,8.0,0.8022741172046471,2.722060783896202,2.0,0.3305461818810199
step_spike,Step spike,fast_response,Fast-response,static_c2,Static c=2,90.0,8.0,0.8062987493153421,3.1174182142903772,2.0,0.37007121572094875
step_spike,Step spike,fast_response,Fast-response,static_c2,Static c=2,100,8.0,0.8075520296166858,3.111439933832514,2.0,0.37720030239867547
step_spike,Step spike,fast_response,Fast-response,static_c2,Static c=2,110.0,18.0,0.9956975567539758,42.10875210568371,2.0,2.326257262854715
step_spike,Step spike,fast_response,Fast-response,static_c2,Static c=2,120.0,18.0,1.0,118.30973528905807,2.0,6.639686369835016
step_spike,Step spike,fast_response,Fast-response,static_c2,Static c=2,130.0,18.0,1.0,197.81553851246204,2.0,10.946945044979925
step_spike,Step spike,fast_response,Fast-response,static_c2,Static c=2,140.0,18.0,1.0,277.8388964840274,2.0,15.364871669016493
step_spike,Step spike,fast_response,Fast-response,static_c2,Static c=2,150,18.0,1.0,357.22683644205955,2.0,19.76399891389015
step_spike,Step spike,fast_response,Fast-response,static_c2,Static c=2,160.0,5.0,1.0,371.680278687674,2.0,24.202199976631167
step_spike,Step spike,fast_response,Fast-response,static_c2,Static c=2,170.0,5.0,1.0,321.80779961340073,2.0,28.662089635081305
step_spike,Step spike,fast_response,Fast-response,static_c2,Static c=2,180.0,5.0,1.0,270.8410930561836,2.0,33.09056058054888
step_spike,Step spike,fast_response,Fast-response,static_c2,Static c=2,190.0,5.0,1.0,221.22668312512582,2.0,36.97735440050181
step_spike,Step spike,fast_response,Fast-response,static_c2,Static c=2,200,5.0,1.0,170.48561067347043,2.0,33.601854169114716
step_spike,Step spike,fast_response,Fast-response,static_c2,Static c=2,210.0,2.0,0.9838327164331656,104.38981405445813,2.0,24.012490392418
step_spike,Step spike,fast_response,Fast-response,static_c2,Static c=2,220.0,2.0,0.7458347114768193,35.4916334371557,2.0,12.924059812945819
step_spike,Step spike,fast_response,Fast-response,static_c2,Static c=2,230.0,2.0,0.33375030816194545,4.432466187633451,2.0,2.6692244207256066
step_spike,Step spike,fast_response,Fast-response,static_c2,Static c=2,240.0,2.0,0.19982229221294426,0.08259380522327066,2.0,0.09936768063353903
step_spike,Step spike,fast_response,Fast-response,static_c2,Static c=2,250.0,2.0,0.19484021546053187,0.015840383556205262,2.0,0.007863588473807694
step_spike,Step spike,fast_response,Fast-response,static_c6,Static c=6,10.0,2.0,0.06683169111568815,0.0,6.0,0.0
step_spike,Step spike,fast_response,Fast-response,static_c6,Static c=6,20.0,2.0,0.06722432306337306,0.0,6.0,0.0
step_spike,Step spike,fast_response,Fast-response,static_c6,Static c=6,30.0,2.0,0.06377873692532576,0.0,6.0,0.0
step_spike,Step spike,fast_response,Fast-response,static_c6,Static c=6,40.0,2.0,0.06954010778912473,0.0,6.0,0.0
step_spike,Step spike,fast_response,Fast-response,static_c6,Static c=6,50,2.0,0.06733323985754484,0.0,6.0,0.0
step_spike,Step spike,fast_response,Fast-response,static_c6,Static c=6,60.0,8.0,0.2661435903201292,0.0022649210337918214,6.0,0.000257945161743455
step_spike,Step spike,fast_response,Fast-response,static_c6,Static c=6,70.0,8.0,0.27110392149085405,0.0013781137769360398,6.0,0.0001632506958356534
step_spike,Step spike,fast_response,Fast-response,static_c6,Static c=6,80.0,8.0,0.26890672146584527,0.0012131254750895552,6.0,0.00013948955042432222
step_spike,Step spike,fast_response,Fast-response,static_c6,Static c=6,90.0,8.0,0.27183985809041844,0.0014467200675287444,6.0,0.00016855770881970297
step_spike,Step spike,fast_response,Fast-response,static_c6,Static c=6,100,8.0,0.26648907437629166,0.0017666279349361253,6.0,0.00021742730732488274
step_spike,Step spike,fast_response,Fast-response,static_c6,Static c=6,110.0,18.0,0.5996774107852691,0.33492063402657346,6.0,0.017994727715152047
step_spike,Step spike,fast_response,Fast-response,static_c6,Static c=6,120.0,18.0,0.6023757005699684,0.29494650890128615,6.0,0.01590129018403127
step_spike,Step spike,fast_response,Fast-response,static_c6,Static c=6,130.0,18.0,0.5932736351301517,0.2573494813419247,6.0,0.013911558100598487
step_spike,Step spike,fast_response,Fast-response,static_c6,Static c=6,140.0,18.0,0.6068253666980487,0.35489390679385885,6.0,0.01916291295898198
step_spike,Step spike,fast_response,Fast-response,static_c6,Static c=6,150,18.0,0.5891701131567306,0.27812357248042013,6.0,0.015262144907301545
step_spike,Step spike,fast_response,Fast-response,static_c6,Static c=6,160.0,5.0,0.17957324133967922,0.004030704754468245,6.0,0.0016146647424116647
step_spike,Step spike,fast_response,Fast-response,static_c6,Static c=6,170.0,5.0,0.1698243899244744,2.7380898021334587e-05,6.0,4.3461742891007285e-06
step_spike,Step spike,fast_response,Fast-response,static_c6,Static c=6,180.0,5.0,0.16982496328624383,0.0001013796217490892,6.0,1.823915982293324e-05
step_spike,Step spike,fast_response,Fast-response,static_c6,Static c=6,190.0,5.0,0.16789874084437795,6.0113927373919294e-05,6.0,1.0169985473962407e-05
step_spike,Step spike,fast_response,Fast-response,static_c6,Static c=6,200,5.0,0.1682993824644088,0.0,6.0,0.0
step_spike,Step spike,fast_response,Fast-response,static_c6,Static c=6,210.0,2.0,0.07036698774975944,0.0,6.0,0.0
step_spike,Step spike,fast_response,Fast-response,static_c6,Static c=6,220.0,2.0,0.06876493090221808,0.0,6.0,0.0
step_spike,Step spike,fast_response,Fast-response,static_c6,Static c=6,230.0,2.0,0.06437426705820411,0.0,6.0,0.0
step_spike,Step spike,fast_response,Fast-response,static_c6,Static c=6,240.0,2.0,0.0603743514938374,0.0,6.0,0.0
step_spike,Step spike,fast_response,Fast-response,static_c6,Static c=6,250.0,2.0,0.0649539669758269,0.0,6.0,0.0
step_spike,Step spike,fast_response,Fast-response,dynamic,Dynamic - Fast-response,10.0,2.0,0.1998469789435168,0.0158877003220824,2.0,0.006703313575966509
step_spike,Step spike,fast_response,Fast-response,dynamic,Dynamic - Fast-response,20.0,2.0,0.25306521719914216,0.06325963720502609,1.67,0.029728137972081653
step_spike,Step spike,fast_response,Fast-response,dynamic,Dynamic - Fast-response,30.0,2.0,0.2858364917054834,0.12556792328406124,1.48,0.06060954547605779
step_spike,Step spike,fast_response,Fast-response,dynamic,Dynamic - Fast-response,40.0,2.0,0.34464711222567707,0.18725490397392647,1.29,0.08763067395712389
step_spike,Step spike,fast_response,Fast-response,dynamic,Dynamic - Fast-response,50,2.0,0.36340699219840106,0.19285463941499967,1.21,0.08799495672724865
step_spike,Step spike,fast_response,Fast-response,dynamic,Dynamic - Fast-response,60.0,8.0,0.9571995506319376,14.885490460421343,1.11,1.8384755663460615
step_spike,Step spike,fast_response,Fast-response,dynamic,Dynamic - Fast-response,70.0,8.0,0.9243486269719352,19.731157986782588,2.1,2.4593701751035333
step_spike,Step spike,fast_response,Fast-response,dynamic,Dynamic - Fast-response,80.0,8.0,0.6313340050749928,3.035993939279922,2.99,0.4749507333443337
step_spike,Step spike,fast_response,Fast-response,dynamic,Dynamic - Fast-response,90.0,8.0,0.5166891841389293,0.2681619274700797,3.17,0.0322658643498632
step_spike,Step spike,fast_response,Fast-response,dynamic,Dynamic - Fast-response,100,8.0,0.5084401480687345,0.26553871721586525,3.19,0.032109739535875745
step_spike,Step spike,fast_response,Fast-response,dynamic,Dynamic - Fast-response,110.0,18.0,0.9506687820856966,14.719314266852725,3.19,0.8201792947700131
step_spike,Step spike,fast_response,Fast-response,dynamic,Dynamic - Fast-response,120.0,18.0,0.917259235141538,17.13920272392368,4.16,0.9531054571100703
step_spike,Step spike,fast_response,Fast-response,dynamic,Dynamic - Fast-response,130.0,18.0,0.7437425272085878,3.5863641063526397,5.05,0.22322675018023508
step_spike,Step spike,fast_response,Fast-response,dynamic,Dynamic - Fast-response,140.0,18.0,0.6645195804089914,0.8370156957707177,5.51,0.04548748749784024
step_spike,Step spike,fast_response,Fast-response,dynamic,Dynamic - Fast-response,150,18.0,0.6208397599119417,0.4333734352786143,5.69,0.02376263533160483
step_spike,Step spike,fast_response,Fast-response,dynamic,Dynamic - Fast-response,160.0,5.0,0.18431132381269802,0.009059802152031352,5.81,0.002710882570662031
step_spike,Step spike,fast_response,Fast-response,dynamic,Dynamic - Fast-response,170.0,5.0,0.20707876134587966,0.0017614830281030155,5.03,0.00031839735016956977
step_spike,Step spike,fast_response,Fast-response,dynamic,Dynamic - Fast-response,180.0,5.0,0.23788454876810156,0.004999390484807492,4.32,0.0010053129836087547
step_spike,Step spike,fast_response,Fast-response,dynamic,Dynamic - Fast-response,190.0,5.0,0.27093186339827374,0.012596316696209156,3.87,0.0022603655213848627
step_spike,Step spike,fast_response,Fast-response,dynamic,Dynamic - Fast-response,200,5.0,0.2923110518603554,0.02875069975033416,3.49,0.005404332373174258
step_spike,Step spike,fast_response,Fast-response,dynamic,Dynamic - Fast-response,210.0,2.0,0.13090842730533497,0.006517098272475806,3.31,0.004041213673073702
step_spike,Step spike,fast_response,Fast-response,dynamic,Dynamic - Fast-response,220.0,2.0,0.16380902456976884,0.012413201928243607,2.46,0.005938424477151137
step_spike,Step spike,fast_response,Fast-response,dynamic,Dynamic - Fast-response,230.0,2.0,0.2282133858387975,0.060575529109739366,1.88,0.02666176959834865
step_spike,Step spike,fast_response,Fast-response,dynamic,Dynamic - Fast-response,240.0,2.0,0.2809288069090018,0.1182185474027166,1.57,0.056233915760083845
step_spike,Step spike,fast_response,Fast-response,dynamic,Dynamic - Fast-response,250.0,2.0,0.33484989147870203,0.1920059771366469,1.37,0.08752097057897744
gradual_ramp,Gradual ramp,balanced,Balanced,static_c2,Static c=2,10.0,2.0,0.18594040821856173,0.016947370444677222,2.0,0.007848582663975753
gradual_ramp,Gradual ramp,balanced,Balanced,static_c2,Static c=2,20.0,2.0,0.19967387906407957,0.01915752928725236,2.0,0.007936793397082776
gradual_ramp,Gradual ramp,balanced,Balanced,static_c2,Static c=2,30.0,2.0,0.21241702249554756,0.017515440426265044,2.0,0.00787821233133089
gradual_ramp,Gradual ramp,balanced,Balanced,static_c2,Static c=2,40.0,2.0,0.18898516001161994,0.013728901266001809,2.0,0.006956592217437269
gradual_ramp,Gradual ramp,balanced,Balanced,static_c2,Static c=2,50,2.0,0.18490352005040084,0.014600362108479106,2.0,0.00732643602305967
gradual_ramp,Gradual ramp,balanced,Balanced,static_c2,Static c=2,60.0,4.0,0.38489527294877257,0.13529258712260628,2.0,0.03241648626306048
gradual_ramp,Gradual ramp,balanced,Balanced,static_c2,Static c=2,70.0,4.0,0.4138535176692704,0.18096642175396127,2.0,0.042921475003469656
gradual_ramp,Gradual ramp,balanced,Balanced,static_c2,Static c=2,80.0,4.0,0.4179859554609751,0.16984039745131518,2.0,0.037423127643108546
gradual_ramp,Gradual ramp,balanced,Balanced,static_c2,Static c=2,90.0,4.0,0.40447487314705144,0.1479969981414319,2.0,0.03577256508286105
gradual_ramp,Gradual ramp,balanced,Balanced,static_c2,Static c=2,100,4.0,0.40155258515945147,0.15587504343289976,2.0,0.03615496121144746
gradual_ramp,Gradual ramp,balanced,Balanced,static_c2,Static c=2,110.0,6.0,0.5857517994898963,0.634616892517235,2.0,0.09783172996148344
gradual_ramp,Gradual ramp,balanced,Balanced,static_c2,Static c=2,120.0,6.0,0.5928166541977631,0.609899154233001,2.0,0.09772495769471874
gradual_ramp,Gradual ramp,balanced,Balanced,static_c2,Static c=2,130.0,6.0,0.5707766626158847,0.5475476617918743,2.0,0.09074579484247133
gradual_ramp,Gradual ramp,balanced,Balanced,static_c2,Static c=2,140.0,6.0,0.605764086045795,0.6674340254795248,2.0,0.10915184574992925
gradual_ramp,Gradual ramp,balanced,Balanced,static_c2,Static c=2,150,6.0,0.5970229490496429,0.6122686121953423,2.0,0.09668454895026818
gradual_ramp,Gradual ramp,balanced,Balanced,static_c2,Static c=2,160.0,8.0,0.7853128343666315,2.131597245198478,2.0,0.2540316071781762
gradual_ramp,Gradual ramp,balanced,Balanced,static_c2,Static c=2,170.0,8.0,0.7942147750722148,2.754335688583087,2.0,0.319855006127034
gradual_ramp,Gradual ramp,balanced,Balanced,static_c2,Static c=2,180.0,8.0,0.7921673294120736,2.9849907489896292,2.0,0.35628235922012613
gradual_ramp,Gradual ramp,balanced,Balanced,static_c2,Static c=2,190.0,8.0,0.8174374484475045,3.2615392941816617,2.0,0.3626524044019495
gradual_ramp,Gradual ramp,balanced,Balanced,static_c2,Static c=2,200,8.0,0.8170203384532873,3.555565686913545,2.0,0.41916038042205983
gradual_ramp,Gradual ramp,balanced,Balanced,static_c2,Static c=2,210.0,10.0,0.915636600605574,7.610640619415683,2.0,0.7448660483116423
gradual_ramp,Gradual ramp,balanced,Balanced,static_c2,Static c=2,220.0,10.0,0.9520484003623122,13.655769602024396,2.0,1.3244557447989416
gradual_ramp,Gradual ramp,balanced,Balanced,static_c2,Static c=2,230.0,10.0,0.9653733928479213,17.516355544912855,2.0,1.7290963893526037
gradual_ramp,Gradual ramp,balanced,Balanced,static_c2,Static c=2,240.0,10.0,0.974153331602238,21.663426569842155,2.0,2.1178525338225027
gradual_ramp,Gradual ramp,balanced,Balanced,static_c2,Static c=2,250.0,10.0,0.9728248544000451,25.453080840407353,2.0,2.4543065347028286
gradual_ramp,Gradual ramp,balanced,Balanced,static_c6,Static c=6,10.0,2.0,0.06424468221101075,0.0,6.0,0.0
gradual_ramp,Gradual ramp,balanced,Balanced,static_c6,Static c=6,20.0,2.0,0.06583506511395817,0.0,6.0,0.0
gradual_ramp,Gradual ramp,balanced,Balanced,static_c6,Static c=6,30.0,2.0,0.07083637192992928,0.0,6.0,0.0
gradual_ramp,Gradual ramp,balanced,Balanced,static_c6,Static c=6,40.0,2.0,0.06401167911948184,0.0,6.0,0.0
gradual_ramp,Gradual ramp,balanced,Balanced,static_c6,Static c=6,50,2.0,0.06444237928542196,0.0,6.0,0.0
gradual_ramp,Gradual ramp,balanced,Balanced,static_c6,Static c=6,60.0,4.0,0.1293900712154708,0.0,6.0,0.0
gradual_ramp,Gradual ramp,balanced,Balanced,static_c6,Static c=6,70.0,4.0,0.14093154036122052,0.0,6.0,0.0
gradual_ramp,Gradual ramp,balanced,Balanced,static_c6,Static c=6,80.0,4.0,0.14005249050174026,1.505341565295737e-05,6.0,3.671564793404236e-06
gradual_ramp,Gradual ramp,balanced,Balanced,static_c6,Static c=6,90.0,4.0,0.13462685292973023,0.0,6.0,0.0
gradual_ramp,Gradual ramp,balanced,Balanced,static_c6,Static c=6,100,4.0,0.13382039984391844,0.0,6.0,0.0
gradual_ramp,Gradual ramp,balanced,Balanced,static_c6,Static c=6,110.0,6.0,0.20168907366419866,0.00032043207573424575,6.0,5.762465070025381e-05
gradual_ramp,Gradual ramp,balanced,Balanced,static_c6,Static c=6,120.0,6.0,0.19979975728893218,0.00019691054897792528,6.0,2.9282435004743342e-05
gradual_ramp,Gradual ramp,balanced,Balanced,static_c6,Static c=6,130.0,6.0,0.1968575028320894,0.001128568372753051,6.0,0.00014933411359389556
gradual_ramp,Gradual ramp,balanced,Balanced,static_c6,Static c=6,140.0,6.0,0.20170542959257998,0.00034549519918826384,6.0,5.57649243998359e-05
gradual_ramp,Gradual ramp,balanced,Balanced,static_c6,Static c=6,150,6.0,0.19433787453669515,0.000629485557716322,6.0,9.446583011667887e-05
gradual_ramp,Gradual ramp,balanced,Balanced,static_c6,Static c=6,160.0,8.0,0.26208822229516426,0.001782437131909176,6.0,0.00019931651660711852
gradual_ramp,Gradual ramp,balanced,Balanced,static_c6,Static c=6,170.0,8.0,0.2697484407729777,0.002502516288112616,6.0,0.0002778825467401178
gradual_ramp,Gradual ramp,balanced,Balanced,static_c6,Static c=6,180.0,8.0,0.2670263014437771,0.002373730721462209,6.0,0.0002682483818252571
gradual_ramp,Gradual ramp,balanced,Balanced,static_c6,Static c=6,190.0,8.0,0.27371513019879734,0.0032334430823003123,6.0,0.0003979015742757596
gradual_ramp,Gradual ramp,balanced,Balanced,static_c6,Static c=6,200,8.0,0.2712931991723029,0.0018536431186489894,6.0,0.0002270101019095761
gradual_ramp,Gradual ramp,balanced,Balanced,static_c6,Static c=6,210.0,10.0,0.32915018732502654,0.005843895958873816,6.0,0.0005560199598468318
gradual_ramp,Gradual ramp,balanced,Balanced,static_c6,Static c=6,220.0,10.0,0.3326552592771769,0.009651707254432268,6.0,0.0009704661021575753
gradual_ramp,Gradual ramp,balanced,Balanced,static_c6,Static c=6,230.0,10.0,0.32835586732010114,0.012038803490161008,6.0,0.0011173047657771528
gradual_ramp,Gradual ramp,balanced,Balanced,static_c6,Static c=6,240.0,10.0,0.3386729263487036,0.007077425333609254,6.0,0.0006649083006037635
gradual_ramp,Gradual ramp,balanced,Balanced,static_c6,Static c=6,250.0,10.0,0.3372404395205775,0.010556717831931762,6.0,0.0009484180431583341
gradual_ramp,Gradual ramp,balanced,Balanced,dynamic,Dynamic - Balanced,10.0,2.0,0.18594040821856173,0.016947370444677222,2.0,0.007848582663975753
gradual_ramp,Gradual ramp,balanced,Balanced,dynamic,Dynamic - Balanced,20.0,2.0,0.2616700770295828,0.12442847033359987,1.68,0.05155237580239489
gradual_ramp,Gradual ramp,balanced,Balanced,dynamic,Dynamic - Balanced,30.0,2.0,0.33813433229276035,0.19456072665819943,1.38,0.0907415444047655
gradual_ramp,Gradual ramp,balanced,Balanced,dynamic,Dynamic - Balanced,40.0,2.0,0.340051393836875,0.16815570700443472,1.24,0.08187535313028386
gradual_ramp,Gradual ramp,balanced,Balanced,dynamic,Dynamic - Balanced,50,2.0,0.35147650877980446,0.2271450286302862,1.15,0.1026105975731107
gradual_ramp,Gradual ramp,balanced,Balanced,dynamic,Dynamic - Balanced,60.0,4.0,0.7097832759555659,1.7407168287097345,1.09,0.42105702904375275
gradual_ramp,Gradual ramp,balanced,Balanced,dynamic,Dynamic - Balanced,70.0,4.0,0.6364034037262747,1.356379774326756,1.4,0.3421983779338445
gradual_ramp,Gradual ramp,balanced,Balanced,dynamic,Dynamic - Balanced,80.0,4.0,0.5593723042536374,1.0113880291745565,1.65,0.2380713593657293
gradual_ramp,Gradual ramp,balanced,Balanced,dynamic,Dynamic - Balanced,90.0,4.0,0.4756377545377191,0.6487750151802715,1.81,0.16644506284519234
gradual_ramp,Gradual ramp,balanced,Balanced,dynamic,Dynamic - Balanced,100,4.0,0.4432679400434128,0.3908841774891031,1.88,0.09085256593199346
gradual_ramp,Gradual ramp,balanced,Balanced,dynamic,Dynamic - Balanced,110.0,6.0,0.6064639903769763,0.9812097693581887,1.95,0.15894132437368985
gradual_ramp,Gradual ramp,balanced,Balanced,dynamic,Dynamic - Balanced,120.0,6.0,0.5910547425984237,0.6381967837322134,2.02,0.11072657907444276
gradual_ramp,Gradual ramp,balanced,Balanced,dynamic,Dynamic - Balanced,130.0,6.0,0.5711147563511816,0.5866477224237544,2.03,0.0937451645416565
gradual_ramp,Gradual ramp,balanced,Balanced,dynamic,Dynamic - Balanced,140.0,6.0,0.5804827838519668,0.6056947393558019,2.08,0.10020693772822391
gradual_ramp,Gradual ramp,balanced,Balanced,dynamic,Dynamic - Balanced,150,6.0,0.5897479024286981,0.5894664400579996,2.1,0.09259806348231976
gradual_ramp,Gradual ramp,balanced,Balanced,dynamic,Dynamic - Balanced,160.0,8.0,0.7411588484610243,1.8928033806881905,2.16,0.22715745130597845
gradual_ramp,Gradual ramp,balanced,Balanced,dynamic,Dynamic - Balanced,170.0,8.0,0.6761688004309279,1.519280370618348,2.51,0.18392378509882015
gradual_ramp,Gradual ramp,balanced,Balanced,dynamic,Dynamic - Balanced,180.0,8.0,0.5981370902706127,1.0413995479640124,2.76,0.12131304869732584
gradual_ramp,Gradual ramp,balanced,Balanced,dynamic,Dynamic - Balanced,190.0,8.0,0.5861532149605019,0.6991056565183752,2.87,0.08633186290500042
gradual_ramp,Gradual ramp,balanced,Balanced,dynamic,Dynamic - Balanced,200,8.0,0.5521300022720319,0.4347291406247427,2.96,0.04990686740108949
gradual_ramp,Gradual ramp,balanced,Balanced,dynamic,Dynamic - Balanced,210.0,10.0,0.6646476201993887,0.9859176930591629,2.98,0.09489666764918518
gradual_ramp,Gradual ramp,balanced,Balanced,dynamic,Dynamic - Balanced,220.0,10.0,0.6383882286472453,0.8639207690796734,3.07,0.08595378710499409
gradual_ramp,Gradual ramp,balanced,Balanced,dynamic,Dynamic - Balanced,230.0,10.0,0.6466971503766021,0.8140501630633178,3.1,0.07913475273542481
gradual_ramp,Gradual ramp,balanced,Balanced,dynamic,Dynamic - Balanced,240.0,10.0,0.631619924492865,0.6624264402142442,3.19,0.0653385419436391
gradual_ramp,Gradual ramp,balanced,Balanced,dynamic,Dynamic - Balanced,250.0,10.0,0.6240413500694431,0.6574578010561624,3.24,0.06290773972112347
gradual_ramp,Gradual ramp,aggressive,Aggressive,static_c2,Static c=2,10.0,2.0,0.18594040821856173,0.016947370444677222,2.0,0.007848582663975753
gradual_ramp,Gradual ramp,aggressive,Aggressive,static_c2,Static c=2,20.0,2.0,0.19967387906407957,0.01915752928725236,2.0,0.007936793397082776
gradual_ramp,Gradual ramp,aggressive,Aggressive,static_c2,Static c=2,30.0,2.0,0.21241702249554756,0.017515440426265044,2.0,0.00787821233133089
gradual_ramp,Gradual ramp,aggressive,Aggressive,static_c2,Static c=2,40.0,2.0,0.18898516001161994,0.013728901266001809,2.0,0.006956592217437269
gradual_ramp,Gradual ramp,aggressive,Aggressive,static_c2,Static c=2,50,2.0,0.18490352005040084,0.014600362108479106,2.0,0.00732643602305967
gradual_ramp,Gradual ramp,aggressive,Aggressive,static_c2,Static c=2,60.0,4.0,0.38489527294877257,0.13529258712260628,2.0,0.03241648626306048
gradual_ramp,Gradual ramp,aggressive,Aggressive,static_c2,Static c=2,70.0,4.0,0.4138535176692704,0.18096642175396127,2.0,0.042921475003469656
gradual_ramp,Gradual ramp,aggressive,Aggressive,static_c2,Static c=2,80.0,4.0,0.4179859554609751,0.16984039745131518,2.0,0.037423127643108546
gradual_ramp,Gradual ramp,aggressive,Aggressive,static_c2,Static c=2,90.0,4.0,0.40447487314705144,0.1479969981414319,2.0,0.03577256508286105
gradual_ramp,Gradual ramp,aggressive,Aggressive,static_c2,Static c=2,100,4.0,0.40155258515945147,0.15587504343289976,2.0,0.03615496121144746
gradual_ramp,Gradual ramp,aggressive,Aggressive,static_c2,Static c=2,110.0,6.0,0.5857517994898963,0.634616892517235,2.0,0.09783172996148344
gradual_ramp,Gradual ramp,aggressive,Aggressive,static_c2,Static c=2,120.0,6.0,0.5928166541977631,0.609899154233001,2.0,0.09772495769471874
gradual_ramp,Gradual ramp,aggressive,Aggressive,static_c2,Static c=2,130.0,6.0,0.5707766626158847,0.5475476617918743,2.0,0.09074579484247133
gradual_ramp,Gradual ramp,aggressive,Aggressive,static_c2,Static c=2,140.0,6.0,0.605764086045795,0.6674340254795248,2.0,0.10915184574992925
gradual_ramp,Gradual ramp,aggressive,Aggressive,static_c2,Static c=2,150,6.0,0.5970229490496429,0.6122686121953423,2.0,0.09668454895026818
gradual_ramp,Gradual ramp,aggressive,Aggressive,static_c2,Static c=2,160.0,8.0,0.7853128343666315,2.131597245198478,2.0,0.2540316071781762
gradual_ramp,Gradual ramp,aggressive,Aggressive,static_c2,Static c=2,170.0,8.0,0.7942147750722148,2.754335688583087,2.0,0.319855006127034
gradual_ramp,Gradual ramp,aggressive,Aggressive,static_c2,Static c=2,180.0,8.0,0.7921673294120736,2.9849907489896292,2.0,0.35628235922012613
gradual_ramp,Gradual ramp,aggressive,Aggressive,static_c2,Static c=2,190.0,8.0,0.8174374484475045,3.2615392941816617,2.0,0.3626524044019495
gradual_ramp,Gradual ramp,aggressive,Aggressive,static_c2,Static c=2,200,8.0,0.8170203384532873,3.555565686913545,2.0,0.41916038042205983
gradual_ramp,Gradual ramp,aggressive,Aggressive,static_c2,Static c=2,210.0,10.0,0.915636600605574,7.610640619415683,2.0,0.7448660483116423
gradual_ramp,Gradual ramp,aggressive,Aggressive,static_c2,Static c=2,220.0,10.0,0.9520484003623122,13.655769602024396,2.0,1.3244557447989416
gradual_ramp,Gradual ramp,aggressive,Aggressive,static_c2,Static c=2,230.0,10.0,0.9653733928479213,17.516355544912855,2.0,1.7290963893526037
gradual_ramp,Gradual ramp,aggressive,Aggressive,static_c2,Static c=2,240.0,10.0,0.974153331602238,21.663426569842155,2.0,2.1178525338225027
gradual_ramp,Gradual ramp,aggressive,Aggressive,static_c2,Static c=2,250.0,10.0,0.9728248544000451,25.453080840407353,2.0,2.4543065347028286
gradual_ramp,Gradual ramp,aggressive,Aggressive,static_c6,Static c=6,10.0,2.0,0.06424468221101075,0.0,6.0,0.0
gradual_ramp,Gradual ramp,aggressive,Aggressive,static_c6,Static c=6,20.0,2.0,0.06583506511395817,0.0,6.0,0.0
gradual_ramp,Gradual ramp,aggressive,Aggressive,static_c6,Static c=6,30.0,2.0,0.07083637192992928,0.0,6.0,0.0
gradual_ramp,Gradual ramp,aggressive,Aggressive,static_c6,Static c=6,40.0,2.0,0.06401167911948184,0.0,6.0,0.0
gradual_ramp,Gradual ramp,aggressive,Aggressive,static_c6,Static c=6,50,2.0,0.06444237928542196,0.0,6.0,0.0
gradual_ramp,Gradual ramp,aggressive,Aggressive,static_c6,Static c=6,60.0,4.0,0.1293900712154708,0.0,6.0,0.0
gradual_ramp,Gradual ramp,aggressive,Aggressive,static_c6,Static c=6,70.0,4.0,0.14093154036122052,0.0,6.0,0.0
gradual_ramp,Gradual ramp,aggressive,Aggressive,static_c6,Static c=6,80.0,4.0,0.14005249050174026,1.505341565295737e-05,6.0,3.671564793404236e-06
gradual_ramp,Gradual ramp,aggressive,Aggressive,static_c6,Static c=6,90.0,4.0,0.13462685292973023,0.0,6.0,0.0
gradual_ramp,Gradual ramp,aggressive,Aggressive,static_c6,Static c=6,100,4.0,0.13382039984391844,0.0,6.0,0.0
gradual_ramp,Gradual ramp,aggressive,Aggressive,static_c6,Static c=6,110.0,6.0,0.20168907366419866,0.00032043207573424575,6.0,5.762465070025381e-05
gradual_ramp,Gradual ramp,aggressive,Aggressive,static_c6,Static c=6,120.0,6.0,0.19979975728893218,0.00019691054897792528,6.0,2.9282435004743342e-05
gradual_ramp,Gradual ramp,aggressive,Aggressive,static_c6,Static c=6,130.0,6.0,0.1968575028320894,0.001128568372753051,6.0,0.00014933411359389556
gradual_ramp,Gradual ramp,aggressive,Aggressive,static_c6,Static c=6,140.0,6.0,0.20170542959257998,0.00034549519918826384,6.0,5.57649243998359e-05
gradual_ramp,Gradual ramp,aggressive,Aggressive,static_c6,Static c=6,150,6.0,0.19433787453669515,0.000629485557716322,6.0,9.446583011667887e-05
gradual_ramp,Gradual ramp,aggressive,Aggressive,static_c6,Static c=6,160.0,8.0,0.26208822229516426,0.001782437131909176,6.0,0.00019931651660711852
gradual_ramp,Gradual ramp,aggressive,Aggressive,static_c6,Static c=6,170.0,8.0,0.2697484407729777,0.002502516288112616,6.0,0.0002778825467401178
gradual_ramp,Gradual ramp,aggressive,Aggressive,static_c6,Static c=6,180.0,8.0,0.2670263014437771,0.002373730721462209,6.0,0.0002682483818252571
gradual_ramp,Gradual ramp,aggressive,Aggressive,static_c6,Static c=6,190.0,8.0,0.27371513019879734,0.0032334430823003123,6.0,0.0003979015742757596
gradual_ramp,Gradual ramp,aggressive,Aggressive,static_c6,Static c=6,200,8.0,0.2712931991723029,0.0018536431186489894,6.0,0.0002270101019095761
gradual_ramp,Gradual ramp,aggressive,Aggressive,static_c6,Static c=6,210.0,10.0,0.32915018732502654,0.005843895958873816,6.0,0.0005560199598468318
gradual_ramp,Gradual ramp,aggressive,Aggressive,static_c6,Static c=6,220.0,10.0,0.3326552592771769,0.009651707254432268,6.0,0.0009704661021575753
gradual_ramp,Gradual ramp,aggressive,Aggressive,static_c6,Static c=6,230.0,10.0,0.32835586732010114,0.012038803490161008,6.0,0.0011173047657771528
gradual_ramp,Gradual ramp,aggressive,Aggressive,static_c6,Static c=6,240.0,10.0,0.3386729263487036,0.007077425333609254,6.0,0.0006649083006037635
gradual_ramp,Gradual ramp,aggressive,Aggressive,static_c6,Static c=6,250.0,10.0,0.3372404395205775,0.010556717831931762,6.0,0.0009484180431583341
gradual_ramp,Gradual ramp,aggressive,Aggressive,dynamic,Dynamic - Aggressive,10.0,2.0,0.18594040821856173,0.016947370444677222,2.0,0.007848582663975753
gradual_ramp,Gradual ramp,aggressive,Aggressive,dynamic,Dynamic - Aggressive,20.0,2.0,0.25989468222189027,0.12263367997747336,1.69,0.05086207181926932
gradual_ramp,Gradual ramp,aggressive,Aggressive,dynamic,Dynamic - Aggressive,30.0,2.0,0.3289821220933878,0.17712359850685783,1.42,0.08331135094479848
gradual_ramp,Gradual ramp,aggressive,Aggressive,dynamic,Dynamic - Aggressive,40.0,2.0,0.3275301145219862,0.15860339409482546,1.31,0.07779471906742536
gradual_ramp,Gradual ramp,aggressive,Aggressive,dynamic,Dynamic - Aggressive,50,2.0,0.34336623806726785,0.2214839772090689,1.19,0.09981789269386108
gradual_ramp,Gradual ramp,aggressive,Aggressive,dynamic,Dynamic - Aggressive,60.0,4.0,0.705414265332664,1.7193532673681253,1.11,0.4154646933817123
gradual_ramp,Gradual ramp,aggressive,Aggressive,dynamic,Dynamic - Aggressive,70.0,4.0,0.5536449161675583,0.8953498806260444,1.67,0.23585825118557374
gradual_ramp,Gradual ramp,aggressive,Aggressive,dynamic,Dynamic - Aggressive,80.0,4.0,0.43959071893930385,0.2665637611079404,1.96,0.07220281054294983
gradual_ramp,Gradual ramp,aggressive,Aggressive,dynamic,Dynamic - Aggressive,90.0,4.0,0.41115021114078637,0.20507157456326097,1.99,0.048216837823491246
gradual_ramp,Gradual ramp,aggressive,Aggressive,dynamic,Dynamic - Aggressive,100,4.0,0.39651278618763636,0.14265023038729818,2.0,0.03421570451035292
gradual_ramp,Gradual ramp,aggressive,Aggressive,dynamic,Dynamic - Aggressive,110.0,6.0,0.5868807115295733,0.6623555264576926,2.0,0.10118157837411756
gradual_ramp,Gradual ramp,aggressive,Aggressive,dynamic,Dynamic - Aggressive,120.0,6.0,0.5518807415996445,0.47326085489211583,2.2,0.07761473739294088
gradual_ramp,Gradual ramp,aggressive,Aggressive,dynamic,Dynamic - Aggressive,130.0,6.0,0.5136443243750365,0.44690219348190124,2.32,0.07187271241076316
gradual_ramp,Gradual ramp,aggressive,Aggressive,dynamic,Dynamic - Aggressive,140.0,6.0,0.522022572764547,0.4454594669054437,2.38,0.07327873775205662
gradual_ramp,Gradual ramp,aggressive,Aggressive,dynamic,Dynamic - Aggressive,150,6.0,0.5151871001818683,0.3853334407605253,2.46,0.05953259341447097
gradual_ramp,Gradual ramp,aggressive,Aggressive,dynamic,Dynamic - Aggressive,160.0,8.0,0.6272407062869224,0.9201914898481877,2.6,0.11071285296329048
gradual_ramp,Gradual ramp,aggressive,Aggressive,dynamic,Dynamic - Aggressive,170.0,8.0,0.5725117357475081,0.6378271688888312,2.9,0.07615489360882863
gradual_ramp,Gradual ramp,aggressive,Aggressive,dynamic,Dynamic - Aggressive,180.0,8.0,0.5525108001797008,0.399981194866381,3.03,0.04911669633719831
gradual_ramp,Gradual ramp,aggressive,Aggressive,dynamic,Dynamic - Aggressive,190.0,8.0,0.5255115658982892,0.30376094203283854,3.09,0.0368701096921
gradual_ramp,Gradual ramp,aggressive,Aggressive,dynamic,Dynamic - Aggressive,200,8.0,0.5177643513205257,0.2725479262516561,3.13,0.03239034650739613
gradual_ramp,Gradual ramp,aggressive,Aggressive,dynamic,Dynamic - Aggressive,210.0,10.0,0.6274931574473357,0.7576571509719393,3.16,0.07171437708146641
gradual_ramp,Gradual ramp,aggressive,Aggressive,dynamic,Dynamic - Aggressive,220.0,10.0,0.5949242999362033,0.5731746059743803,3.35,0.056279460782916846
gradual_ramp,Gradual ramp,aggressive,Aggressive,dynamic,Dynamic - Aggressive,230.0,10.0,0.58121450361498,0.5495224894590098,3.53,0.0538892781438204
gradual_ramp,Gradual ramp,aggressive,Aggressive,dynamic,Dynamic - Aggressive,240.0,10.0,0.5566739958008916,0.37997472257861875,3.72,0.03715422426728428
gradual_ramp,Gradual ramp,aggressive,Aggressive,dynamic,Dynamic - Aggressive,250.0,10.0,0.5413984510576632,0.3558809886024353,3.81,0.03389465272290848
gradual_ramp,Gradual ramp,conservative,Conservative,static_c2,Static c=2,10.0,2.0,0.18594040821856173,0.016947370444677222,2.0,0.007848582663975753
gradual_ramp,Gradual ramp,conservative,Conservative,static_c2,Static c=2,20.0,2.0,0.19967387906407957,0.01915752928725236,2.0,0.007936793397082776
gradual_ramp,Gradual ramp,conservative,Conservative,static_c2,Static c=2,30.0,2.0,0.21241702249554756,0.017515440426265044,2.0,0.00787821233133089
gradual_ramp,Gradual ramp,conservative,Conservative,static_c2,Static c=2,40.0,2.0,0.18898516001161994,0.013728901266001809,2.0,0.006956592217437269
gradual_ramp,Gradual ramp,conservative,Conservative,static_c2,Static c=2,50,2.0,0.18490352005040084,0.014600362108479106,2.0,0.00732643602305967
gradual_ramp,Gradual ramp,conservative,Conservative,static_c2,Static c=2,60.0,4.0,0.38489527294877257,0.13529258712260628,2.0,0.03241648626306048
gradual_ramp,Gradual ramp,conservative,Conservative,static_c2,Static c=2,70.0,4.0,0.4138535176692704,0.18096642175396127,2.0,0.042921475003469656
gradual_ramp,Gradual ramp,conservative,Conservative,static_c2,Static c=2,80.0,4.0,0.4179859554609751,0.16984039745131518,2.0,0.037423127643108546
gradual_ramp,Gradual ramp,conservative,Conservative,static_c2,Static c=2,90.0,4.0,0.40447487314705144,0.1479969981414319,2.0,0.03577256508286105
gradual_ramp,Gradual ramp,conservative,Conservative,static_c2,Static c=2,100,4.0,0.40155258515945147,0.15587504343289976,2.0,0.03615496121144746
gradual_ramp,Gradual ramp,conservative,Conservative,static_c2,Static c=2,110.0,6.0,0.5857517994898963,0.634616892517235,2.0,0.09783172996148344
gradual_ramp,Gradual ramp,conservative,Conservative,static_c2,Static c=2,120.0,6.0,0.5928166541977631,0.609899154233001,2.0,0.09772495769471874
gradual_ramp,Gradual ramp,conservative,Conservative,static_c2,Static c=2,130.0,6.0,0.5707766626158847,0.5475476617918743,2.0,0.09074579484247133
gradual_ramp,Gradual ramp,conservative,Conservative,static_c2,Static c=2,140.0,6.0,0.605764086045795,0.6674340254795248,2.0,0.10915184574992925
gradual_ramp,Gradual ramp,conservative,Conservative,static_c2,Static c=2,150,6.0,0.5970229490496429,0.6122686121953423,2.0,0.09668454895026818
gradual_ramp,Gradual ramp,conservative,Conservative,static_c2,Static c=2,160.0,8.0,0.7853128343666315,2.131597245198478,2.0,0.2540316071781762
gradual_ramp,Gradual ramp,conservative,Conservative,static_c2,Static c=2,170.0,8.0,0.7942147750722148,2.754335688583087,2.0,0.319855006127034
gradual_ramp,Gradual ramp,conservative,Conservative,static_c2,Static c=2,180.0,8.0,0.7921673294120736,2.9849907489896292,2.0,0.35628235922012613
gradual_ramp,Gradual ramp,conservative,Conservative,static_c2,Static c=2,190.0,8.0,0.8174374484475045,3.2615392941816617,2.0,0.3626524044019495
gradual_ramp,Gradual ramp,conservative,Conservative,static_c2,Static c=2,200,8.0,0.8170203384532873,3.555565686913545,2.0,0.41916038042205983
gradual_ramp,Gradual ramp,conservative,Conservative,static_c2,Static c=2,210.0,10.0,0.915636600605574,7.610640619415683,2.0,0.7448660483116423
gradual_ramp,Gradual ramp,conservative,Conservative,static_c2,Static c=2,220.0,10.0,0.9520484003623122,13.655769602024396,2.0,1.3244557447989416
gradual_ramp,Gradual ramp,conservative,Conservative,static_c2,Static c=2,230.0,10.0,0.9653733928479213,17.516355544912855,2.0,1.7290963893526037
gradual_ramp,Gradual ramp,conservative,Conservative,static_c2,Static c=2,240.0,10.0,0.974153331602238,21.663426569842155,2.0,2.1178525338225027
gradual_ramp,Gradual ramp,conservative,Conservative,static_c2,Static c=2,250.0,10.0,0.9728248544000451,25.453080840407353,2.0,2.4543065347028286
gradual_ramp,Gradual ramp,conservative,Conservative,static_c6,Static c=6,10.0,2.0,0.06424468221101075,0.0,6.0,0.0
gradual_ramp,Gradual ramp,conservative,Conservative,static_c6,Static c=6,20.0,2.0,0.06583506511395817,0.0,6.0,0.0
gradual_ramp,Gradual ramp,conservative,Conservative,static_c6,Static c=6,30.0,2.0,0.07083637192992928,0.0,6.0,0.0
gradual_ramp,Gradual ramp,conservative,Conservative,static_c6,Static c=6,40.0,2.0,0.06401167911948184,0.0,6.0,0.0
gradual_ramp,Gradual ramp,conservative,Conservative,static_c6,Static c=6,50,2.0,0.06444237928542196,0.0,6.0,0.0
gradual_ramp,Gradual ramp,conservative,Conservative,static_c6,Static c=6,60.0,4.0,0.1293900712154708,0.0,6.0,0.0
gradual_ramp,Gradual ramp,conservative,Conservative,static_c6,Static c=6,70.0,4.0,0.14093154036122052,0.0,6.0,0.0
gradual_ramp,Gradual ramp,conservative,Conservative,static_c6,Static c=6,80.0,4.0,0.14005249050174026,1.505341565295737e-05,6.0,3.671564793404236e-06
gradual_ramp,Gradual ramp,conservative,Conservative,static_c6,Static c=6,90.0,4.0,0.13462685292973023,0.0,6.0,0.0
gradual_ramp,Gradual ramp,conservative,Conservative,static_c6,Static c=6,100,4.0,0.13382039984391844,0.0,6.0,0.0
gradual_ramp,Gradual ramp,conservative,Conservative,static_c6,Static c=6,110.0,6.0,0.20168907366419866,0.00032043207573424575,6.0,5.762465070025381e-05
gradual_ramp,Gradual ramp,conservative,Conservative,static_c6,Static c=6,120.0,6.0,0.19979975728893218,0.00019691054897792528,6.0,2.9282435004743342e-05
gradual_ramp,Gradual ramp,conservative,Conservative,static_c6,Static c=6,130.0,6.0,0.1968575028320894,0.001128568372753051,6.0,0.00014933411359389556
gradual_ramp,Gradual ramp,conservative,Conservative,static_c6,Static c=6,140.0,6.0,0.20170542959257998,0.00034549519918826384,6.0,5.57649243998359e-05
gradual_ramp,Gradual ramp,conservative,Conservative,static_c6,Static c=6,150,6.0,0.19433787453669515,0.000629485557716322,6.0,9.446583011667887e-05
gradual_ramp,Gradual ramp,conservative,Conservative,static_c6,Static c=6,160.0,8.0,0.26208822229516426,0.001782437131909176,6.0,0.00019931651660711852
gradual_ramp,Gradual ramp,conservative,Conservative,static_c6,Static c=6,170.0,8.0,0.2697484407729777,0.002502516288112616,6.0,0.0002778825467401178
gradual_ramp,Gradual ramp,conservative,Conservative,static_c6,Static c=6,180.0,8.0,0.2670263014437771,0.002373730721462209,6.0,0.0002682483818252571
gradual_ramp,Gradual ramp,conservative,Conservative,static_c6,Static c=6,190.0,8.0,0.27371513019879734,0.0032334430823003123,6.0,0.0003979015742757596
gradual_ramp,Gradual ramp,conservative,Conservative,static_c6,Static c=6,200,8.0,0.2712931991723029,0.0018536431186489894,6.0,0.0002270101019095761
gradual_ramp,Gradual ramp,conservative,Conservative,static_c6,Static c=6,210.0,10.0,0.32915018732502654,0.005843895958873816,6.0,0.0005560199598468318
gradual_ramp,Gradual ramp,conservative,Conservative,static_c6,Static c=6,220.0,10.0,0.3326552592771769,0.009651707254432268,6.0,0.0009704661021575753
gradual_ramp,Gradual ramp,conservative,Conservative,static_c6,Static c=6,230.0,10.0,0.32835586732010114,0.012038803490161008,6.0,0.0011173047657771528
gradual_ramp,Gradual ramp,conservative,Conservative,static_c6,Static c=6,240.0,10.0,0.3386729263487036,0.007077425333609254,6.0,0.0006649083006037635
gradual_ramp,Gradual ramp,conservative,Conservative,static_c6,Static c=6,250.0,10.0,0.3372404395205775,0.010556717831931762,6.0,0.0009484180431583341
gradual_ramp,Gradual ramp,conservative,Conservative,dynamic,Dynamic - Conservative,10.0,2.0,0.18594040821856173,0.016947370444677222,2.0,0.007848582663975753
gradual_ramp,Gradual ramp,conservative,Conservative,dynamic,Dynamic - Conservative,20.0,2.0,0.25313756898240697,0.11129288278516272,1.72,0.0444254574495812
gradual_ramp,Gradual ramp,conservative,Conservative,dynamic,Dynamic - Conservative,30.0,2.0,0.3277834357968344,0.18382945190867328,1.45,0.08569097731604397
gradual_ramp,Gradual ramp,conservative,Conservative,dynamic,Dynamic - Conservative,40.0,2.0,0.3246565260795841,0.15747370078112297,1.32,0.0772760162754947
gradual_ramp,Gradual ramp,conservative,Conservative,dynamic,Dynamic - Conservative,50,2.0,0.3407836565279467,0.21855050829213712,1.22,0.09757852537459252
gradual_ramp,Gradual ramp,conservative,Conservative,dynamic,Dynamic - Conservative,60.0,4.0,0.6950225182931269,1.636061279206458,1.14,0.3958810726518327
gradual_ramp,Gradual ramp,conservative,Conservative,dynamic,Dynamic - Conservative,70.0,4.0,0.6948509426402073,1.798329304803562,1.24,0.4442204056941864
gradual_ramp,Gradual ramp,conservative,Conservative,dynamic,Dynamic - Conservative,80.0,4.0,0.660806830520064,1.823605319648238,1.39,0.427930343169732
gradual_ramp,Gradual ramp,conservative,Conservative,dynamic,Dynamic - Conservative,90.0,4.0,0.5864674853383433,1.3857294112078806,1.58,0.3445136810836371
gradual_ramp,Gradual ramp,conservative,Conservative,dynamic,Dynamic - Conservative,100,4.0,0.5057411751565632,0.6507226334407227,1.72,0.16478339520071514
gradual_ramp,Gradual ramp,conservative,Conservative,dynamic,Dynamic - Conservative,110.0,6.0,0.6674189449619533,2.2137866454251567,1.77,0.35266124170190305
gradual_ramp,Gradual ramp,conservative,Conservative,dynamic,Dynamic - Conservative,120.0,6.0,0.6389405032191385,1.3423864938754075,1.95,0.25419415460013123
gradual_ramp,Gradual ramp,conservative,Conservative,dynamic,Dynamic - Conservative,130.0,6.0,0.5869234552263548,0.7817429021371035,1.98,0.1289634776856188
gradual_ramp,Gradual ramp,conservative,Conservative,dynamic,Dynamic - Conservative,140.0,6.0,0.5965463552266459,0.7162885997763834,2.0,0.12178889835610454
gradual_ramp,Gradual ramp,conservative,Conservative,dynamic,Dynamic - Conservative,150,6.0,0.6043754854014438,0.6455268203821263,2.0,0.10135691917821733
gradual_ramp,Gradual ramp,conservative,Conservative,dynamic,Dynamic - Conservative,160.0,8.0,0.774436450387563,2.230220297796561,2.02,0.26460081495587984
gradual_ramp,Gradual ramp,conservative,Conservative,dynamic,Dynamic - Conservative,170.0,8.0,0.7535490122979404,2.1994343378471743,2.16,0.26573365324316145
gradual_ramp,Gradual ramp,conservative,Conservative,dynamic,Dynamic - Conservative,180.0,8.0,0.7193534556675368,2.077307667193277,2.29,0.24439950500583243
gradual_ramp,Gradual ramp,conservative,Conservative,dynamic,Dynamic - Conservative,190.0,8.0,0.7073975694949488,1.7961583351392094,2.42,0.21724109866127875
gradual_ramp,Gradual ramp,conservative,Conservative,dynamic,Dynamic - Conservative,200,8.0,0.6715764999143592,1.4710735761164975,2.52,0.17776682427725027
gradual_ramp,Gradual ramp,conservative,Conservative,dynamic,Dynamic - Conservative,210.0,10.0,0.7438451426130848,2.6459780023925528,2.63,0.2598274760669035
gradual_ramp,Gradual ramp,conservative,Conservative,dynamic,Dynamic - Conservative,220.0,10.0,0.7129072555120756,2.7836619354303505,2.85,0.27330190592400405
gradual_ramp,Gradual ramp,conservative,Conservative,dynamic,Dynamic - Conservative,230.0,10.0,0.6822702156267074,1.2700884556127732,2.96,0.13157326218736964
gradual_ramp,Gradual ramp,conservative,Conservative,dynamic,Dynamic - Conservative,240.0,10.0,0.6670984886160036,0.9124839289962898,2.98,0.08792196725477806
gradual_ramp,Gradual ramp,conservative,Conservative,dynamic,Dynamic - Conservative,250.0,10.0,0.6613460064506651,0.862621045472492,3.01,0.0848693407372922
gradual_ramp,Gradual ramp,queue_priority,Queue-priority,static_c2,Static c=2,10.0,2.0,0.18594040821856173,0.016947370444677222,2.0,0.007848582663975753
gradual_ramp,Gradual ramp,queue_priority,Queue-priority,static_c2,Static c=2,20.0,2.0,0.19967387906407957,0.01915752928725236,2.0,0.007936793397082776
gradual_ramp,Gradual ramp,queue_priority,Queue-priority,static_c2,Static c=2,30.0,2.0,0.21241702249554756,0.017515440426265044,2.0,0.00787821233133089
gradual_ramp,Gradual ramp,queue_priority,Queue-priority,static_c2,Static c=2,40.0,2.0,0.18898516001161994,0.013728901266001809,2.0,0.006956592217437269
gradual_ramp,Gradual ramp,queue_priority,Queue-priority,static_c2,Static c=2,50,2.0,0.18490352005040084,0.014600362108479106,2.0,0.00732643602305967
gradual_ramp,Gradual ramp,queue_priority,Queue-priority,static_c2,Static c=2,60.0,4.0,0.38489527294877257,0.13529258712260628,2.0,0.03241648626306048
gradual_ramp,Gradual ramp,queue_priority,Queue-priority,static_c2,Static c=2,70.0,4.0,0.4138535176692704,0.18096642175396127,2.0,0.042921475003469656
gradual_ramp,Gradual ramp,queue_priority,Queue-priority,static_c2,Static c=2,80.0,4.0,0.4179859554609751,0.16984039745131518,2.0,0.037423127643108546
gradual_ramp,Gradual ramp,queue_priority,Queue-priority,static_c2,Static c=2,90.0,4.0,0.40447487314705144,0.1479969981414319,2.0,0.03577256508286105
gradual_ramp,Gradual ramp,queue_priority,Queue-priority,static_c2,Static c=2,100,4.0,0.40155258515945147,0.15587504343289976,2.0,0.03615496121144746
gradual_ramp,Gradual ramp,queue_priority,Queue-priority,static_c2,Static c=2,110.0,6.0,0.5857517994898963,0.634616892517235,2.0,0.09783172996148344
gradual_ramp,Gradual ramp,queue_priority,Queue-priority,static_c2,Static c=2,120.0,6.0,0.5928166541977631,0.609899154233001,2.0,0.09772495769471874
gradual_ramp,Gradual ramp,queue_priority,Queue-priority,static_c2,Static c=2,130.0,6.0,0.5707766626158847,0.5475476617918743,2.0,0.09074579484247133
gradual_ramp,Gradual ramp,queue_priority,Queue-priority,static_c2,Static c=2,140.0,6.0,0.605764086045795,0.6674340254795248,2.0,0.10915184574992925
gradual_ramp,Gradual ramp,queue_priority,Queue-priority,static_c2,Static c=2,150,6.0,0.5970229490496429,0.6122686121953423,2.0,0.09668454895026818
gradual_ramp,Gradual ramp,queue_priority,Queue-priority,static_c2,Static c=2,160.0,8.0,0.7853128343666315,2.131597245198478,2.0,0.2540316071781762
gradual_ramp,Gradual ramp,queue_priority,Queue-priority,static_c2,Static c=2,170.0,8.0,0.7942147750722148,2.754335688583087,2.0,0.319855006127034
gradual_ramp,Gradual ramp,queue_priority,Queue-priority,static_c2,Static c=2,180.0,8.0,0.7921673294120736,2.9849907489896292,2.0,0.35628235922012613
gradual_ramp,Gradual ramp,queue_priority,Queue-priority,static_c2,Static c=2,190.0,8.0,0.8174374484475045,3.2615392941816617,2.0,0.3626524044019495
gradual_ramp,Gradual ramp,queue_priority,Queue-priority,static_c2,Static c=2,200,8.0,0.8170203384532873,3.555565686913545,2.0,0.41916038042205983
gradual_ramp,Gradual ramp,queue_priority,Queue-priority,static_c2,Static c=2,210.0,10.0,0.915636600605574,7.610640619415683,2.0,0.7448660483116423
gradual_ramp,Gradual ramp,queue_priority,Queue-priority,static_c2,Static c=2,220.0,10.0,0.9520484003623122,13.655769602024396,2.0,1.3244557447989416
gradual_ramp,Gradual ramp,queue_priority,Queue-priority,static_c2,Static c=2,230.0,10.0,0.9653733928479213,17.516355544912855,2.0,1.7290963893526037
gradual_ramp,Gradual ramp,queue_priority,Queue-priority,static_c2,Static c=2,240.0,10.0,0.974153331602238,21.663426569842155,2.0,2.1178525338225027
gradual_ramp,Gradual ramp,queue_priority,Queue-priority,static_c2,Static c=2,250.0,10.0,0.9728248544000451,25.453080840407353,2.0,2.4543065347028286
gradual_ramp,Gradual ramp,queue_priority,Queue-priority,static_c6,Static c=6,10.0,2.0,0.06424468221101075,0.0,6.0,0.0
gradual_ramp,Gradual ramp,queue_priority,Queue-priority,static_c6,Static c=6,20.0,2.0,0.06583506511395817,0.0,6.0,0.0
gradual_ramp,Gradual ramp,queue_priority,Queue-priority,static_c6,Static c=6,30.0,2.0,0.07083637192992928,0.0,6.0,0.0
gradual_ramp,Gradual ramp,queue_priority,Queue-priority,static_c6,Static c=6,40.0,2.0,0.06401167911948184,0.0,6.0,0.0
gradual_ramp,Gradual ramp,queue_priority,Queue-priority,static_c6,Static c=6,50,2.0,0.06444237928542196,0.0,6.0,0.0
gradual_ramp,Gradual ramp,queue_priority,Queue-priority,static_c6,Static c=6,60.0,4.0,0.1293900712154708,0.0,6.0,0.0
gradual_ramp,Gradual ramp,queue_priority,Queue-priority,static_c6,Static c=6,70.0,4.0,0.14093154036122052,0.0,6.0,0.0
gradual_ramp,Gradual ramp,queue_priority,Queue-priority,static_c6,Static c=6,80.0,4.0,0.14005249050174026,1.505341565295737e-05,6.0,3.671564793404236e-06
gradual_ramp,Gradual ramp,queue_priority,Queue-priority,static_c6,Static c=6,90.0,4.0,0.13462685292973023,0.0,6.0,0.0
gradual_ramp,Gradual ramp,queue_priority,Queue-priority,static_c6,Static c=6,100,4.0,0.13382039984391844,0.0,6.0,0.0
gradual_ramp,Gradual ramp,queue_priority,Queue-priority,static_c6,Static c=6,110.0,6.0,0.20168907366419866,0.00032043207573424575,6.0,5.762465070025381e-05
gradual_ramp,Gradual ramp,queue_priority,Queue-priority,static_c6,Static c=6,120.0,6.0,0.19979975728893218,0.00019691054897792528,6.0,2.9282435004743342e-05
gradual_ramp,Gradual ramp,queue_priority,Queue-priority,static_c6,Static c=6,130.0,6.0,0.1968575028320894,0.001128568372753051,6.0,0.00014933411359389556
gradual_ramp,Gradual ramp,queue_priority,Queue-priority,static_c6,Static c=6,140.0,6.0,0.20170542959257998,0.00034549519918826384,6.0,5.57649243998359e-05
gradual_ramp,Gradual ramp,queue_priority,Queue-priority,static_c6,Static c=6,150,6.0,0.19433787453669515,0.000629485557716322,6.0,9.446583011667887e-05
gradual_ramp,Gradual ramp,queue_priority,Queue-priority,static_c6,Static c=6,160.0,8.0,0.26208822229516426,0.001782437131909176,6.0,0.00019931651660711852
gradual_ramp,Gradual ramp,queue_priority,Queue-priority,static_c6,Static c=6,170.0,8.0,0.2697484407729777,0.002502516288112616,6.0,0.0002778825467401178
gradual_ramp,Gradual ramp,queue_priority,Queue-priority,static_c6,Static c=6,180.0,8.0,0.2670263014437771,0.002373730721462209,6.0,0.0002682483818252571
gradual_ramp,Gradual ramp,queue_priority,Queue-priority,static_c6,Static c=6,190.0,8.0,0.27371513019879734,0.0032334430823003123,6.0,0.0003979015742757596
gradual_ramp,Gradual ramp,queue_priority,Queue-priority,static_c6,Static c=6,200,8.0,0.2712931991723029,0.0018536431186489894,6.0,0.0002270101019095761
gradual_ramp,Gradual ramp,queue_priority,Queue-priority,static_c6,Static c=6,210.0,10.0,0.32915018732502654,0.005843895958873816,6.0,0.0005560199598468318
gradual_ramp,Gradual ramp,queue_priority,Queue-priority,static_c6,Static c=6,220.0,10.0,0.3326552592771769,0.009651707254432268,6.0,0.0009704661021575753
gradual_ramp,Gradual ramp,queue_priority,Queue-priority,static_c6,Static c=6,230.0,10.0,0.32835586732010114,0.012038803490161008,6.0,0.0011173047657771528
gradual_ramp,Gradual ramp,queue_priority,Queue-priority,static_c6,Static c=6,240.0,10.0,0.3386729263487036,0.007077425333609254,6.0,0.0006649083006037635
gradual_ramp,Gradual ramp,queue_priority,Queue-priority,static_c6,Static c=6,250.0,10.0,0.3372404395205775,0.010556717831931762,6.0,0.0009484180431583341
gradual_ramp,Gradual ramp,queue_priority,Queue-priority,dynamic,Dynamic - Queue-priority,10.0,2.0,0.18594040821856173,0.016947370444677222,2.0,0.007848582663975753
gradual_ramp,Gradual ramp,queue_priority,Queue-priority,dynamic,Dynamic - Queue-priority,20.0,2.0,0.26306481103074175,0.1253909745891757,1.67,0.052033627930182805
gradual_ramp,Gradual ramp,queue_priority,Queue-priority,dynamic,Dynamic - Queue-priority,30.0,2.0,0.33891080257429573,0.19462300899647725,1.37,0.09083734235351748
gradual_ramp,Gradual ramp,queue_priority,Queue-priority,dynamic,Dynamic - Queue-priority,40.0,2.0,0.3472616367097152,0.1768772666134431,1.21,0.08638530165517601
gradual_ramp,Gradual ramp,queue_priority,Queue-priority,dynamic,Dynamic - Queue-priority,50,2.0,0.35855704218379253,0.23793999336955143,1.12,0.10739570668897379
gradual_ramp,Gradual ramp,queue_priority,Queue-priority,dynamic,Dynamic - Queue-priority,60.0,4.0,0.7136375188833456,1.7697345973092542,1.08,0.42505523773381937
gradual_ramp,Gradual ramp,queue_priority,Queue-priority,dynamic,Dynamic - Queue-priority,70.0,4.0,0.6942015984430953,1.717845170000066,1.24,0.43093892323628874
gradual_ramp,Gradual ramp,queue_priority,Queue-priority,dynamic,Dynamic - Queue-priority,80.0,4.0,0.6627799454052966,1.8372290735615409,1.39,0.42746407468923087
gradual_ramp,Gradual ramp,queue_priority,Queue-priority,dynamic,Dynamic - Queue-priority,90.0,4.0,0.5770014340432634,1.3191176884551685,1.59,0.33343770247909577
gradual_ramp,Gradual ramp,queue_priority,Queue-priority,dynamic,Dynamic - Queue-priority,100,4.0,0.5115999890242262,0.758114721722711,1.72,0.18411044390919404
gradual_ramp,Gradual ramp,queue_priority,Queue-priority,dynamic,Dynamic - Queue-priority,110.0,6.0,0.6593280626202359,2.11779407334665,1.79,0.34371040522294677
gradual_ramp,Gradual ramp,queue_priority,Queue-priority,dynamic,Dynamic - Queue-priority,120.0,6.0,0.6311986830949613,1.2205802510343362,1.96,0.23417241757891438
gradual_ramp,Gradual ramp,queue_priority,Queue-priority,dynamic,Dynamic - Queue-priority,130.0,6.0,0.5852066640769265,0.7773291903852427,1.98,0.12838081134964255
gradual_ramp,Gradual ramp,queue_priority,Queue-priority,dynamic,Dynamic - Queue-priority,140.0,6.0,0.5949858091146482,0.7079850850029704,2.0,0.11975609688419468
gradual_ramp,Gradual ramp,queue_priority,Queue-priority,dynamic,Dynamic - Queue-priority,150,6.0,0.6052185548655199,0.6430589984127186,2.0,0.10217225014007768
gradual_ramp,Gradual ramp,queue_priority,Queue-priority,dynamic,Dynamic - Queue-priority,160.0,8.0,0.7741328361894426,2.2063954034208684,2.02,0.2616715589264795
gradual_ramp,Gradual ramp,queue_priority,Queue-priority,dynamic,Dynamic - Queue-priority,170.0,8.0,0.7537366688564682,2.2052432472885504,2.16,0.2666082295781822
gradual_ramp,Gradual ramp,queue_priority,Queue-priority,dynamic,Dynamic - Queue-priority,180.0,8.0,0.7160679661903083,2.000599357428067,2.29,0.2373481543055243
gradual_ramp,Gradual ramp,queue_priority,Queue-priority,dynamic,Dynamic - Queue-priority,190.0,8.0,0.7092953232518495,1.8752486365008594,2.42,0.22186665829444838
gradual_ramp,Gradual ramp,queue_priority,Queue-priority,dynamic,Dynamic - Queue-priority,200,8.0,0.6719496014363538,1.4637646769331654,2.52,0.1768881006265899
gradual_ramp,Gradual ramp,queue_priority,Queue-priority,dynamic,Dynamic - Queue-priority,210.0,10.0,0.7453143836632669,2.6220261885204796,2.63,0.26001446738259704
gradual_ramp,Gradual ramp,queue_priority,Queue-priority,dynamic,Dynamic - Queue-priority,220.0,10.0,0.7073833213716262,2.696258483909812,2.85,0.26362090499915564
gradual_ramp,Gradual ramp,queue_priority,Queue-priority,dynamic,Dynamic - Queue-priority,230.0,10.0,0.6830359925564687,1.2868132278216797,2.96,0.1332489366487967
gradual_ramp,Gradual ramp,queue_priority,Queue-priority,dynamic,Dynamic - Queue-priority,240.0,10.0,0.6671169518815745,1.0427669344705026,2.99,0.10125496018157415
gradual_ramp,Gradual ramp,queue_priority,Queue-priority,dynamic,Dynamic - Queue-priority,250.0,10.0,0.6602169069431797,0.9155125138392564,3.02,0.08995874289715511
gradual_ramp,Gradual ramp,fast_response,Fast-response,static_c2,Static c=2,10.0,2.0,0.18594040821856173,0.016947370444677222,2.0,0.007848582663975753
gradual_ramp,Gradual ramp,fast_response,Fast-response,static_c2,Static c=2,20.0,2.0,0.19967387906407957,0.01915752928725236,2.0,0.007936793397082776
gradual_ramp,Gradual ramp,fast_response,Fast-response,static_c2,Static c=2,30.0,2.0,0.21241702249554756,0.017515440426265044,2.0,0.00787821233133089
gradual_ramp,Gradual ramp,fast_response,Fast-response,static_c2,Static c=2,40.0,2.0,0.18898516001161994,0.013728901266001809,2.0,0.006956592217437269
gradual_ramp,Gradual ramp,fast_response,Fast-response,static_c2,Static c=2,50,2.0,0.18490352005040084,0.014600362108479106,2.0,0.00732643602305967
gradual_ramp,Gradual ramp,fast_response,Fast-response,static_c2,Static c=2,60.0,4.0,0.38489527294877257,0.13529258712260628,2.0,0.03241648626306048
gradual_ramp,Gradual ramp,fast_response,Fast-response,static_c2,Static c=2,70.0,4.0,0.4138535176692704,0.18096642175396127,2.0,0.042921475003469656
gradual_ramp,Gradual ramp,fast_response,Fast-response,static_c2,Static c=2,80.0,4.0,0.4179859554609751,0.16984039745131518,2.0,0.037423127643108546
gradual_ramp,Gradual ramp,fast_response,Fast-response,static_c2,Static c=2,90.0,4.0,0.40447487314705144,0.1479969981414319,2.0,0.03577256508286105
gradual_ramp,Gradual ramp,fast_response,Fast-response,static_c2,Static c=2,100,4.0,0.40155258515945147,0.15587504343289976,2.0,0.03615496121144746
gradual_ramp,Gradual ramp,fast_response,Fast-response,static_c2,Static c=2,110.0,6.0,0.5857517994898963,0.634616892517235,2.0,0.09783172996148344
gradual_ramp,Gradual ramp,fast_response,Fast-response,static_c2,Static c=2,120.0,6.0,0.5928166541977631,0.609899154233001,2.0,0.09772495769471874
gradual_ramp,Gradual ramp,fast_response,Fast-response,static_c2,Static c=2,130.0,6.0,0.5707766626158847,0.5475476617918743,2.0,0.09074579484247133
gradual_ramp,Gradual ramp,fast_response,Fast-response,static_c2,Static c=2,140.0,6.0,0.605764086045795,0.6674340254795248,2.0,0.10915184574992925
gradual_ramp,Gradual ramp,fast_response,Fast-response,static_c2,Static c=2,150,6.0,0.5970229490496429,0.6122686121953423,2.0,0.09668454895026818
gradual_ramp,Gradual ramp,fast_response,Fast-response,static_c2,Static c=2,160.0,8.0,0.7853128343666315,2.131597245198478,2.0,0.2540316071781762
gradual_ramp,Gradual ramp,fast_response,Fast-response,static_c2,Static c=2,170.0,8.0,0.7942147750722148,2.754335688583087,2.0,0.319855006127034
gradual_ramp,Gradual ramp,fast_response,Fast-response,static_c2,Static c=2,180.0,8.0,0.7921673294120736,2.9849907489896292,2.0,0.35628235922012613
gradual_ramp,Gradual ramp,fast_response,Fast-response,static_c2,Static c=2,190.0,8.0,0.8174374484475045,3.2615392941816617,2.0,0.3626524044019495
gradual_ramp,Gradual ramp,fast_response,Fast-response,static_c2,Static c=2,200,8.0,0.8170203384532873,3.555565686913545,2.0,0.41916038042205983
gradual_ramp,Gradual ramp,fast_response,Fast-response,static_c2,Static c=2,210.0,10.0,0.915636600605574,7.610640619415683,2.0,0.7448660483116423
gradual_ramp,Gradual ramp,fast_response,Fast-response,static_c2,Static c=2,220.0,10.0,0.9520484003623122,13.655769602024396,2.0,1.3244557447989416
gradual_ramp,Gradual ramp,fast_response,Fast-response,static_c2,Static c=2,230.0,10.0,0.9653733928479213,17.516355544912855,2.0,1.7290963893526037
gradual_ramp,Gradual ramp,fast_response,Fast-response,static_c2,Static c=2,240.0,10.0,0.974153331602238,21.663426569842155,2.0,2.1178525338225027
gradual_ramp,Gradual ramp,fast_response,Fast-response,static_c2,Static c=2,250.0,10.0,0.9728248544000451,25.453080840407353,2.0,2.4543065347028286
gradual_ramp,Gradual ramp,fast_response,Fast-response,static_c6,Static c=6,10.0,2.0,0.06424468221101075,0.0,6.0,0.0
gradual_ramp,Gradual ramp,fast_response,Fast-response,static_c6,Static c=6,20.0,2.0,0.06583506511395817,0.0,6.0,0.0
gradual_ramp,Gradual ramp,fast_response,Fast-response,static_c6,Static c=6,30.0,2.0,0.07083637192992928,0.0,6.0,0.0
gradual_ramp,Gradual ramp,fast_response,Fast-response,static_c6,Static c=6,40.0,2.0,0.06401167911948184,0.0,6.0,0.0
gradual_ramp,Gradual ramp,fast_response,Fast-response,static_c6,Static c=6,50,2.0,0.06444237928542196,0.0,6.0,0.0
gradual_ramp,Gradual ramp,fast_response,Fast-response,static_c6,Static c=6,60.0,4.0,0.1293900712154708,0.0,6.0,0.0
gradual_ramp,Gradual ramp,fast_response,Fast-response,static_c6,Static c=6,70.0,4.0,0.14093154036122052,0.0,6.0,0.0
gradual_ramp,Gradual ramp,fast_response,Fast-response,static_c6,Static c=6,80.0,4.0,0.14005249050174026,1.505341565295737e-05,6.0,3.671564793404236e-06
gradual_ramp,Gradual ramp,fast_response,Fast-response,static_c6,Static c=6,90.0,4.0,0.13462685292973023,0.0,6.0,0.0
gradual_ramp,Gradual ramp,fast_response,Fast-response,static_c6,Static c=6,100,4.0,0.13382039984391844,0.0,6.0,0.0
gradual_ramp,Gradual ramp,fast_response,Fast-response,static_c6,Static c=6,110.0,6.0,0.20168907366419866,0.00032043207573424575,6.0,5.762465070025381e-05
gradual_ramp,Gradual ramp,fast_response,Fast-response,static_c6,Static c=6,120.0,6.0,0.19979975728893218,0.00019691054897792528,6.0,2.9282435004743342e-05
gradual_ramp,Gradual ramp,fast_response,Fast-response,static_c6,Static c=6,130.0,6.0,0.1968575028320894,0.001128568372753051,6.0,0.00014933411359389556
gradual_ramp,Gradual ramp,fast_response,Fast-response,static_c6,Static c=6,140.0,6.0,0.20170542959257998,0.00034549519918826384,6.0,5.57649243998359e-05
gradual_ramp,Gradual ramp,fast_response,Fast-response,static_c6,Static c=6,150,6.0,0.19433787453669515,0.000629485557716322,6.0,9.446583011667887e-05
gradual_ramp,Gradual ramp,fast_response,Fast-response,static_c6,Static c=6,160.0,8.0,0.26208822229516426,0.001782437131909176,6.0,0.00019931651660711852
gradual_ramp,Gradual ramp,fast_response,Fast-response,static_c6,Static c=6,170.0,8.0,0.2697484407729777,0.002502516288112616,6.0,0.0002778825467401178
gradual_ramp,Gradual ramp,fast_response,Fast-response,static_c6,Static c=6,180.0,8.0,0.2670263014437771,0.002373730721462209,6.0,0.0002682483818252571
gradual_ramp,Gradual ramp,fast_response,Fast-response,static_c6,Static c=6,190.0,8.0,0.27371513019879734,0.0032334430823003123,6.0,0.0003979015742757596
gradual_ramp,Gradual ramp,fast_response,Fast-response,static_c6,Static c=6,200,8.0,0.2712931991723029,0.0018536431186489894,6.0,0.0002270101019095761
gradual_ramp,Gradual ramp,fast_response,Fast-response,static_c6,Static c=6,210.0,10.0,0.32915018732502654,0.005843895958873816,6.0,0.0005560199598468318
gradual_ramp,Gradual ramp,fast_response,Fast-response,static_c6,Static c=6,220.0,10.0,0.3326552592771769,0.009651707254432268,6.0,0.0009704661021575753
gradual_ramp,Gradual ramp,fast_response,Fast-response,static_c6,Static c=6,230.0,10.0,0.32835586732010114,0.012038803490161008,6.0,0.0011173047657771528
gradual_ramp,Gradual ramp,fast_response,Fast-response,static_c6,Static c=6,240.0,10.0,0.3386729263487036,0.007077425333609254,6.0,0.0006649083006037635
gradual_ramp,Gradual ramp,fast_response,Fast-response,static_c6,Static c=6,250.0,10.0,0.3372404395205775,0.010556717831931762,6.0,0.0009484180431583341
gradual_ramp,Gradual ramp,fast_response,Fast-response,dynamic,Dynamic - Fast-response,10.0,2.0,0.18594040821856173,0.016947370444677222,2.0,0.007848582663975753
gradual_ramp,Gradual ramp,fast_response,Fast-response,dynamic,Dynamic - Fast-response,20.0,2.0,0.25989468222189027,0.12263367997747336,1.69,0.05086207181926932
gradual_ramp,Gradual ramp,fast_response,Fast-response,dynamic,Dynamic - Fast-response,30.0,2.0,0.334040970402899,0.19213983281803199,1.4,0.08955317788912616
gradual_ramp,Gradual ramp,fast_response,Fast-response,dynamic,Dynamic - Fast-response,40.0,2.0,0.3342789221137241,0.1653968977073696,1.28,0.08050108235410212
gradual_ramp,Gradual ramp,fast_response,Fast-response,dynamic,Dynamic - Fast-response,50,2.0,0.3487601114145978,0.2267597161977566,1.16,0.10218394339552322
gradual_ramp,Gradual ramp,fast_response,Fast-response,dynamic,Dynamic - Fast-response,60.0,4.0,0.7052768398778061,1.7186469220617615,1.11,0.4154268049530229
gradual_ramp,Gradual ramp,fast_response,Fast-response,dynamic,Dynamic - Fast-response,70.0,4.0,0.6018065841252345,1.1824915468234822,1.53,0.3017270000002027
gradual_ramp,Gradual ramp,fast_response,Fast-response,dynamic,Dynamic - Fast-response,80.0,4.0,0.49392528811846903,0.5488916095049301,1.81,0.14165971935335256
gradual_ramp,Gradual ramp,fast_response,Fast-response,dynamic,Dynamic - Fast-response,90.0,4.0,0.4329412191001488,0.3246431348201623,1.93,0.08181060467403523
gradual_ramp,Gradual ramp,fast_response,Fast-response,dynamic,Dynamic - Fast-response,100,4.0,0.41563220509110244,0.25470645397544717,1.96,0.05861207300997759
gradual_ramp,Gradual ramp,fast_response,Fast-response,dynamic,Dynamic - Fast-response,110.0,6.0,0.592695604279966,0.714883850692058,1.99,0.11160324375327059
gradual_ramp,Gradual ramp,fast_response,Fast-response,dynamic,Dynamic - Fast-response,120.0,6.0,0.5740385812140552,0.5203688094205824,2.1,0.08763058000784457
gradual_ramp,Gradual ramp,fast_response,Fast-response,dynamic,Dynamic - Fast-response,130.0,6.0,0.5516037780238322,0.5488441890295845,2.13,0.08774008816072222
gradual_ramp,Gradual ramp,fast_response,Fast-response,dynamic,Dynamic - Fast-response,140.0,6.0,0.5590451384500689,0.5298114830121103,2.2,0.08735681565293191
gradual_ramp,Gradual ramp,fast_response,Fast-response,dynamic,Dynamic - Fast-response,150,6.0,0.5606217870954028,0.5099008001755776,2.23,0.08001585715114129
gradual_ramp,Gradual ramp,fast_response,Fast-response,dynamic,Dynamic - Fast-response,160.0,8.0,0.6995974499098192,1.5288807597944005,2.32,0.18461754886190665
gradual_ramp,Gradual ramp,fast_response,Fast-response,dynamic,Dynamic - Fast-response,170.0,8.0,0.6169891453113555,0.9227861675287312,2.72,0.1117894771417216
gradual_ramp,Gradual ramp,fast_response,Fast-response,dynamic,Dynamic - Fast-response,180.0,8.0,0.5735621663361423,0.5885541683109063,2.89,0.07226743055060536
gradual_ramp,Gradual ramp,fast_response,Fast-response,dynamic,Dynamic - Fast-response,190.0,8.0,0.5522128934690888,0.3967107539121869,2.99,0.049042009842347065
gradual_ramp,Gradual ramp,fast_response,Fast-response,dynamic,Dynamic - Fast-response,200,8.0,0.5449960442374485,0.35998873044523694,3.02,0.04201502339230099
gradual_ramp,Gradual ramp,fast_response,Fast-response,dynamic,Dynamic - Fast-response,210.0,10.0,0.6535111063056743,0.8421310031366086,3.05,0.07992035525459104
gradual_ramp,Gradual ramp,fast_response,Fast-response,dynamic,Dynamic - Fast-response,220.0,10.0,0.6166912715082928,0.707338382018435,3.19,0.06954179146917737
gradual_ramp,Gradual ramp,fast_response,Fast-response,dynamic,Dynamic - Fast-response,230.0,10.0,0.6244332777166433,0.7233513260408817,3.27,0.07107829784583794
gradual_ramp,Gradual ramp,fast_response,Fast-response,dynamic,Dynamic - Fast-response,240.0,10.0,0.6042006895258933,0.5627100990334337,3.41,0.0553714442517004
gradual_ramp,Gradual ramp,fast_response,Fast-response,dynamic,Dynamic - Fast-response,250.0,10.0,0.57924676580873,0.4699071059987016,3.55,0.045226195756085975
sudden_spike,Sudden spike,balanced,Balanced,static_c2,Static c=2,10.0,2.0,0.2019562820852537,0.013943342868700253,2.0,0.0062569431121687604
sudden_spike,Sudden spike,balanced,Balanced,static_c2,Static c=2,20.0,2.0,0.1991893634007883,0.015647730836088992,2.0,0.0069151676092080415
sudden_spike,Sudden spike,balanced,Balanced,static_c2,Static c=2,30.0,2.0,0.20388505012422403,0.014880041116929367,2.0,0.0068476694052208645
sudden_spike,Sudden spike,balanced,Balanced,static_c2,Static c=2,40.0,2.0,0.19132337552607853,0.01627369283335377,2.0,0.007428694506554694
sudden_spike,Sudden spike,balanced,Balanced,static_c2,Static c=2,50.0,2.0,0.20325286314034788,0.014782528633949276,2.0,0.006546331606518616
sudden_spike,Sudden spike,balanced,Balanced,static_c2,Static c=2,60.0,2.0,0.19911920846319567,0.018408045003782316,2.0,0.007755733170291326
sudden_spike,Sudden spike,balanced,Balanced,static_c2,Static c=2,70.0,2.0,0.20268751213821673,0.02157409108219524,2.0,0.009966193084521527
sudden_spike,Sudden spike,balanced,Balanced,static_c2,Static c=2,80.0,18.0,0.5860365650033064,9.81659141609484,2.0,0.878810477002023
sudden_spike,Sudden spike,balanced,Balanced,static_c2,Static c=2,90.0,18.0,1.0,78.12059443996286,2.0,4.366126782826619
sudden_spike,Sudden spike,balanced,Balanced,static_c2,Static c=2,100.0,18.0,1.0,155.82619697057402,2.0,8.641118345505914
sudden_spike,Sudden spike,balanced,Balanced,static_c2,Static c=2,110.0,18.0,1.0,237.83611689929825,2.0,13.11480961509107
sudden_spike,Sudden spike,balanced,Balanced,static_c2,Static c=2,120.0,18.0,1.0,318.96298682515095,2.0,17.52000721196094
sudden_spike,Sudden spike,balanced,Balanced,static_c2,Static c=2,130.0,2.0,1.0,377.992718869249,2.0,22.091474350970692
sudden_spike,Sudden spike,balanced,Balanced,static_c2,Static c=2,140.0,2.0,1.0,317.860642196946,2.0,26.55666278561
sudden_spike,Sudden spike,balanced,Balanced,static_c2,Static c=2,150.0,2.0,1.0,239.1288191917748,2.0,31.068537239647537
sudden_spike,Sudden spike,balanced,Balanced,static_c2,Static c=2,160.0,2.0,1.0,161.15850745583776,2.0,35.281044468185605
sudden_spike,Sudden spike,balanced,Balanced,static_c2,Static c=2,170.0,2.0,0.9521564518721074,81.249261250295,2.0,31.634323048020534
sudden_spike,Sudden spike,balanced,Balanced,static_c2,Static c=2,180.0,2.0,0.6048700558597903,19.839480161986796,2.0,10.950064778968333
sudden_spike,Sudden spike,balanced,Balanced,static_c2,Static c=2,190.0,2.0,0.24843767622250823,1.5921718220551673,2.0,0.9777340160728439
sudden_spike,Sudden spike,balanced,Balanced,static_c2,Static c=2,200.0,2.0,0.19813929200414823,0.021895450962224318,2.0,0.013376711873634957
sudden_spike,Sudden spike,balanced,Balanced,static_c2,Static c=2,210.0,2.0,0.19724047776324855,0.014846800687894584,2.0,0.0062088671892510695
sudden_spike,Sudden spike,balanced,Balanced,static_c2,Static c=2,220.0,2.0,0.21280658373653483,0.018483275964778327,2.0,0.00828388361750901
sudden_spike,Sudden spike,balanced,Balanced,static_c2,Static c=2,230.0,2.0,0.19634095223242481,0.016724731902249795,2.0,0.007424776780866507
sudden_spike,Sudden spike,balanced,Balanced,static_c2,Static c=2,240.0,2.0,0.19720082849864315,0.01873287487389101,2.0,0.00896263041720936
sudden_spike,Sudden spike,balanced,Balanced,static_c2,Static c=2,250.0,2.0,0.19485280092435367,0.014282865571168857,2.0,0.006503969707706539
sudden_spike,Sudden spike,balanced,Balanced,static_c6,Static c=6,10.0,2.0,0.06816055243393832,0.0,6.0,0.0
sudden_spike,Sudden spike,balanced,Balanced,static_c6,Static c=6,20.0,2.0,0.06401422690867592,0.0,6.0,0.0
sudden_spike,Sudden spike,balanced,Balanced,static_c6,Static c=6,30.0,2.0,0.06774996099122885,0.0,6.0,0.0
sudden_spike,Sudden spike,balanced,Balanced,static_c6,Static c=6,40.0,2.0,0.06496989317039613,0.0,6.0,0.0
sudden_spike,Sudden spike,balanced,Balanced,static_c6,Static c=6,50.0,2.0,0.06872402141311486,0.0,6.0,0.0
sudden_spike,Sudden spike,balanced,Balanced,static_c6,Static c=6,60.0,2.0,0.06380829672688568,0.0,6.0,0.0
sudden_spike,Sudden spike,balanced,Balanced,static_c6,Static c=6,70.0,2.0,0.06789488588905825,0.0,6.0,0.0
sudden_spike,Sudden spike,balanced,Balanced,static_c6,Static c=6,80.0,18.0,0.3218261762945411,0.1166747787792095,6.0,0.011044835344267
sudden_spike,Sudden spike,balanced,Balanced,static_c6,Static c=6,90.0,18.0,0.5961545240715174,0.3150436326137729,6.0,0.016952463739158867
sudden_spike,Sudden spike,balanced,Balanced,static_c6,Static c=6,100.0,18.0,0.6067447947273515,0.3178628085621661,6.0,0.017254932152473798
sudden_spike,Sudden spike,balanced,Balanced,static_c6,Static c=6,110.0,18.0,0.5968248910822236,0.23639978365835687,6.0,0.012847426169123023
sudden_spike,Sudden spike,balanced,Balanced,static_c6,Static c=6,120.0,18.0,0.6203561892522534,0.38422748987712824,6.0,0.02008752949320773
sudden_spike,Sudden spike,balanced,Balanced,static_c6,Static c=6,130.0,2.0,0.34192477119072384,0.13302200745044174,6.0,0.01293628940043863
sudden_spike,Sudden spike,balanced,Balanced,static_c6,Static c=6,140.0,2.0,0.06622382589333915,0.0,6.0,0.0
sudden_spike,Sudden spike,balanced,Balanced,static_c6,Static c=6,150.0,2.0,0.06761838443477124,0.0,6.0,0.0
sudden_spike,Sudden spike,balanced,Balanced,static_c6,Static c=6,160.0,2.0,0.06292537712869067,0.0,6.0,0.0
sudden_spike,Sudden spike,balanced,Balanced,static_c6,Static c=6,170.0,2.0,0.06738227826175526,0.0,6.0,0.0
sudden_spike,Sudden spike,balanced,Balanced,static_c6,Static c=6,180.0,2.0,0.06688164662167634,0.0,6.0,0.0
sudden_spike,Sudden spike,balanced,Balanced,static_c6,Static c=6,190.0,2.0,0.06736671670313217,0.0,6.0,0.0
sudden_spike,Sudden spike,balanced,Balanced,static_c6,Static c=6,200.0,2.0,0.06674956056264462,0.0,6.0,0.0
sudden_spike,Sudden spike,balanced,Balanced,static_c6,Static c=6,210.0,2.0,0.06528748307961044,0.0,6.0,0.0
sudden_spike,Sudden spike,balanced,Balanced,static_c6,Static c=6,220.0,2.0,0.06790179699604362,0.0,6.0,0.0
sudden_spike,Sudden spike,balanced,Balanced,static_c6,Static c=6,230.0,2.0,0.06722714066618965,0.0,6.0,0.0
sudden_spike,Sudden spike,balanced,Balanced,static_c6,Static c=6,240.0,2.0,0.06759027388756811,0.0,6.0,0.0
sudden_spike,Sudden spike,balanced,Balanced,static_c6,Static c=6,250.0,2.0,0.06479275498990553,0.0,6.0,0.0
sudden_spike,Sudden spike,balanced,Balanced,dynamic,Dynamic - Balanced,10.0,2.0,0.2019562820852537,0.013943342868700253,2.0,0.0062569431121687604
sudden_spike,Sudden spike,balanced,Balanced,dynamic,Dynamic - Balanced,20.0,2.0,0.25471718372086927,0.08381709952732538,1.7,0.04173817911980542
sudden_spike,Sudden spike,balanced,Balanced,dynamic,Dynamic - Balanced,30.0,2.0,0.30511508944685306,0.1409849162434702,1.45,0.07044761883564847
sudden_spike,Sudden spike,balanced,Balanced,dynamic,Dynamic - Balanced,40.0,2.0,0.34679972156935046,0.22604978163861109,1.3,0.09578166912130252
sudden_spike,Sudden spike,balanced,Balanced,dynamic,Dynamic - Balanced,50.0,2.0,0.36566614645729345,0.21449495389388545,1.14,0.100241534809342
sudden_spike,Sudden spike,balanced,Balanced,dynamic,Dynamic - Balanced,60.0,2.0,0.3694661930024013,0.2286990912999286,1.1,0.10115818159872512
sudden_spike,Sudden spike,balanced,Balanced,dynamic,Dynamic - Balanced,70.0,2.0,0.3828478233486389,0.23713463267262302,1.08,0.11185615323510115
sudden_spike,Sudden spike,balanced,Balanced,dynamic,Dynamic - Balanced,80.0,18.0,0.6825482948627831,15.963813653933157,1.06,1.2736354097047569
sudden_spike,Sudden spike,balanced,Balanced,dynamic,Dynamic - Balanced,90.0,18.0,1.0,122.24083269039875,1.22,6.796746498234346
sudden_spike,Sudden spike,balanced,Balanced,dynamic,Dynamic - Balanced,100.0,18.0,1.0,219.1574488141357,2.06,12.105033152958313
sudden_spike,Sudden spike,balanced,Balanced,dynamic,Dynamic - Balanced,110.0,18.0,1.0,295.1436849164152,2.22,16.240980376740055
sudden_spike,Sudden spike,balanced,Balanced,dynamic,Dynamic - Balanced,120.0,18.0,1.0,344.7197834298882,3.06,18.898396370934222
sudden_spike,Sudden spike,balanced,Balanced,dynamic,Dynamic - Balanced,130.0,2.0,1.0,349.48892210376323,3.22,20.396539867580806
sudden_spike,Sudden spike,balanced,Balanced,dynamic,Dynamic - Balanced,140.0,2.0,0.9498119646870338,210.57385960763452,4.06,20.18846649228215
sudden_spike,Sudden spike,balanced,Balanced,dynamic,Dynamic - Balanced,150.0,2.0,0.6989901365905757,58.71933629909655,4.22,15.354528009475585
sudden_spike,Sudden spike,balanced,Balanced,dynamic,Dynamic - Balanced,160.0,2.0,0.11406573911587342,0.8790197722158921,4.92,1.372072055247916
sudden_spike,Sudden spike,balanced,Balanced,dynamic,Dynamic - Balanced,170.0,2.0,0.08493925533277583,0.0,4.75,0.0
sudden_spike,Sudden spike,balanced,Balanced,dynamic,Dynamic - Balanced,180.0,2.0,0.10193620271129059,0.00028108395563606334,3.92,0.00011163664341545969
sudden_spike,Sudden spike,balanced,Balanced,dynamic,Dynamic - Balanced,190.0,2.0,0.11456286308245758,0.0010836691826711159,3.76,0.0004695963287924806
sudden_spike,Sudden spike,balanced,Balanced,dynamic,Dynamic - Balanced,200.0,2.0,0.13863179606012288,0.004596264052571457,2.92,0.001997669656553731
sudden_spike,Sudden spike,balanced,Balanced,dynamic,Dynamic - Balanced,210.0,2.0,0.14887394372845558,0.004502106722299772,2.78,0.0023161710276594443
sudden_spike,Sudden spike,balanced,Balanced,dynamic,Dynamic - Balanced,220.0,2.0,0.208538620765143,0.02685515114199962,2.04,0.01175153595784608
sudden_spike,Sudden spike,balanced,Balanced,dynamic,Dynamic - Balanced,230.0,2.0,0.22559110150813044,0.05636234792591319,1.89,0.025063916966159595
sudden_spike,Sudden spike,balanced,Balanced,dynamic,Dynamic - Balanced,240.0,2.0,0.2797311482902419,0.11762982259867744,1.55,0.053499819382507904
sudden_spike,Sudden spike,balanced,Balanced,dynamic,Dynamic - Balanced,250.0,2.0,0.3224657966246249,0.16502403433624166,1.33,0.07773848740238593
sudden_spike,Sudden spike,aggressive,Aggressive,static_c2,Static c=2,10.0,2.0,0.2019562820852537,0.013943342868700253,2.0,0.0062569431121687604
sudden_spike,Sudden spike,aggressive,Aggressive,static_c2,Static c=2,20.0,2.0,0.1991893634007883,0.015647730836088992,2.0,0.0069151676092080415
sudden_spike,Sudden spike,aggressive,Aggressive,static_c2,Static c=2,30.0,2.0,0.20388505012422403,0.014880041116929367,2.0,0.0068476694052208645
sudden_spike,Sudden spike,aggressive,Aggressive,static_c2,Static c=2,40.0,2.0,0.19132337552607853,0.01627369283335377,2.0,0.007428694506554694
sudden_spike,Sudden spike,aggressive,Aggressive,static_c2,Static c=2,50.0,2.0,0.20325286314034788,0.014782528633949276,2.0,0.006546331606518616
sudden_spike,Sudden spike,aggressive,Aggressive,static_c2,Static c=2,60.0,2.0,0.19911920846319567,0.018408045003782316,2.0,0.007755733170291326
sudden_spike,Sudden spike,aggressive,Aggressive,static_c2,Static c=2,70.0,2.0,0.20268751213821673,0.02157409108219524,2.0,0.009966193084521527
sudden_spike,Sudden spike,aggressive,Aggressive,static_c2,Static c=2,80.0,18.0,0.5860365650033064,9.81659141609484,2.0,0.878810477002023
sudden_spike,Sudden spike,aggressive,Aggressive,static_c2,Static c=2,90.0,18.0,1.0,78.12059443996286,2.0,4.366126782826619
sudden_spike,Sudden spike,aggressive,Aggressive,static_c2,Static c=2,100.0,18.0,1.0,155.82619697057402,2.0,8.641118345505914
sudden_spike,Sudden spike,aggressive,Aggressive,static_c2,Static c=2,110.0,18.0,1.0,237.83611689929825,2.0,13.11480961509107
sudden_spike,Sudden spike,aggressive,Aggressive,static_c2,Static c=2,120.0,18.0,1.0,318.96298682515095,2.0,17.52000721196094
sudden_spike,Sudden spike,aggressive,Aggressive,static_c2,Static c=2,130.0,2.0,1.0,377.992718869249,2.0,22.091474350970692
sudden_spike,Sudden spike,aggressive,Aggressive,static_c2,Static c=2,140.0,2.0,1.0,317.860642196946,2.0,26.55666278561
sudden_spike,Sudden spike,aggressive,Aggressive,static_c2,Static c=2,150.0,2.0,1.0,239.1288191917748,2.0,31.068537239647537
sudden_spike,Sudden spike,aggressive,Aggressive,static_c2,Static c=2,160.0,2.0,1.0,161.15850745583776,2.0,35.281044468185605
sudden_spike,Sudden spike,aggressive,Aggressive,static_c2,Static c=2,170.0,2.0,0.9521564518721074,81.249261250295,2.0,31.634323048020534
sudden_spike,Sudden spike,aggressive,Aggressive,static_c2,Static c=2,180.0,2.0,0.6048700558597903,19.839480161986796,2.0,10.950064778968333
sudden_spike,Sudden spike,aggressive,Aggressive,static_c2,Static c=2,190.0,2.0,0.24843767622250823,1.5921718220551673,2.0,0.9777340160728439
sudden_spike,Sudden spike,aggressive,Aggressive,static_c2,Static c=2,200.0,2.0,0.19813929200414823,0.021895450962224318,2.0,0.013376711873634957
sudden_spike,Sudden spike,aggressive,Aggressive,static_c2,Static c=2,210.0,2.0,0.19724047776324855,0.014846800687894584,2.0,0.0062088671892510695
sudden_spike,Sudden spike,aggressive,Aggressive,static_c2,Static c=2,220.0,2.0,0.21280658373653483,0.018483275964778327,2.0,0.00828388361750901
sudden_spike,Sudden spike,aggressive,Aggressive,static_c2,Static c=2,230.0,2.0,0.19634095223242481,0.016724731902249795,2.0,0.007424776780866507
sudden_spike,Sudden spike,aggressive,Aggressive,static_c2,Static c=2,240.0,2.0,0.19720082849864315,0.01873287487389101,2.0,0.00896263041720936
sudden_spike,Sudden spike,aggressive,Aggressive,static_c2,Static c=2,250.0,2.0,0.19485280092435367,0.014282865571168857,2.0,0.006503969707706539
sudden_spike,Sudden spike,aggressive,Aggressive,static_c6,Static c=6,10.0,2.0,0.06816055243393832,0.0,6.0,0.0
sudden_spike,Sudden spike,aggressive,Aggressive,static_c6,Static c=6,20.0,2.0,0.06401422690867592,0.0,6.0,0.0
sudden_spike,Sudden spike,aggressive,Aggressive,static_c6,Static c=6,30.0,2.0,0.06774996099122885,0.0,6.0,0.0
sudden_spike,Sudden spike,aggressive,Aggressive,static_c6,Static c=6,40.0,2.0,0.06496989317039613,0.0,6.0,0.0
sudden_spike,Sudden spike,aggressive,Aggressive,static_c6,Static c=6,50.0,2.0,0.06872402141311486,0.0,6.0,0.0
sudden_spike,Sudden spike,aggressive,Aggressive,static_c6,Static c=6,60.0,2.0,0.06380829672688568,0.0,6.0,0.0
sudden_spike,Sudden spike,aggressive,Aggressive,static_c6,Static c=6,70.0,2.0,0.06789488588905825,0.0,6.0,0.0
sudden_spike,Sudden spike,aggressive,Aggressive,static_c6,Static c=6,80.0,18.0,0.3218261762945411,0.1166747787792095,6.0,0.011044835344267
sudden_spike,Sudden spike,aggressive,Aggressive,static_c6,Static c=6,90.0,18.0,0.5961545240715174,0.3150436326137729,6.0,0.016952463739158867
sudden_spike,Sudden spike,aggressive,Aggressive,static_c6,Static c=6,100.0,18.0,0.6067447947273515,0.3178628085621661,6.0,0.017254932152473798
sudden_spike,Sudden spike,aggressive,Aggressive,static_c6,Static c=6,110.0,18.0,0.5968248910822236,0.23639978365835687,6.0,0.012847426169123023
sudden_spike,Sudden spike,aggressive,Aggressive,static_c6,Static c=6,120.0,18.0,0.6203561892522534,0.38422748987712824,6.0,0.02008752949320773
sudden_spike,Sudden spike,aggressive,Aggressive,static_c6,Static c=6,130.0,2.0,0.34192477119072384,0.13302200745044174,6.0,0.01293628940043863
sudden_spike,Sudden spike,aggressive,Aggressive,static_c6,Static c=6,140.0,2.0,0.06622382589333915,0.0,6.0,0.0
sudden_spike,Sudden spike,aggressive,Aggressive,static_c6,Static c=6,150.0,2.0,0.06761838443477124,0.0,6.0,0.0
sudden_spike,Sudden spike,aggressive,Aggressive,static_c6,Static c=6,160.0,2.0,0.06292537712869067,0.0,6.0,0.0
sudden_spike,Sudden spike,aggressive,Aggressive,static_c6,Static c=6,170.0,2.0,0.06738227826175526,0.0,6.0,0.0
sudden_spike,Sudden spike,aggressive,Aggressive,static_c6,Static c=6,180.0,2.0,0.06688164662167634,0.0,6.0,0.0
sudden_spike,Sudden spike,aggressive,Aggressive,static_c6,Static c=6,190.0,2.0,0.06736671670313217,0.0,6.0,0.0
sudden_spike,Sudden spike,aggressive,Aggressive,static_c6,Static c=6,200.0,2.0,0.06674956056264462,0.0,6.0,0.0
sudden_spike,Sudden spike,aggressive,Aggressive,static_c6,Static c=6,210.0,2.0,0.06528748307961044,0.0,6.0,0.0
sudden_spike,Sudden spike,aggressive,Aggressive,static_c6,Static c=6,220.0,2.0,0.06790179699604362,0.0,6.0,0.0
sudden_spike,Sudden spike,aggressive,Aggressive,static_c6,Static c=6,230.0,2.0,0.06722714066618965,0.0,6.0,0.0
sudden_spike,Sudden spike,aggressive,Aggressive,static_c6,Static c=6,240.0,2.0,0.06759027388756811,0.0,6.0,0.0
sudden_spike,Sudden spike,aggressive,Aggressive,static_c6,Static c=6,250.0,2.0,0.06479275498990553,0.0,6.0,0.0
sudden_spike,Sudden spike,aggressive,Aggressive,dynamic,Dynamic - Aggressive,10.0,2.0,0.2019562820852537,0.013943342868700253,2.0,0.0062569431121687604
sudden_spike,Sudden spike,aggressive,Aggressive,dynamic,Dynamic - Aggressive,20.0,2.0,0.2539024735892859,0.08317481812778908,1.71,0.04123476915595504
sudden_spike,Sudden spike,aggressive,Aggressive,dynamic,Dynamic - Aggressive,30.0,2.0,0.29889761931673864,0.13701778886361032,1.48,0.06850283762818185
sudden_spike,Sudden spike,aggressive,Aggressive,dynamic,Dynamic - Aggressive,40.0,2.0,0.34066447105054687,0.2226822792032487,1.34,0.09433750923808805
sudden_spike,Sudden spike,aggressive,Aggressive,dynamic,Dynamic - Aggressive,50.0,2.0,0.3571218369494457,0.21042452989221747,1.2,0.09774413060877923
sudden_spike,Sudden spike,aggressive,Aggressive,dynamic,Dynamic - Aggressive,60.0,2.0,0.3596252900570751,0.21994066084633382,1.15,0.09608712231134159
sudden_spike,Sudden spike,aggressive,Aggressive,dynamic,Dynamic - Aggressive,70.0,2.0,0.3735891160821708,0.22898588627293406,1.12,0.10827972181333927
sudden_spike,Sudden spike,aggressive,Aggressive,dynamic,Dynamic - Aggressive,80.0,18.0,0.682338391851256,15.72822896545706,1.08,1.2562373354414267
sudden_spike,Sudden spike,aggressive,Aggressive,dynamic,Dynamic - Aggressive,90.0,18.0,1.0,99.42404353130358,2.04,5.517450141849178
sudden_spike,Sudden spike,aggressive,Aggressive,dynamic,Dynamic - Aggressive,100.0,18.0,1.0,149.2771639979288,3.04,8.287392988854638
sudden_spike,Sudden spike,aggressive,Aggressive,dynamic,Dynamic - Aggressive,110.0,18.0,0.9921908383530207,152.2861372122774,4.04,8.410303369451581
sudden_spike,Sudden spike,aggressive,Aggressive,dynamic,Dynamic - Aggressive,120.0,18.0,0.9793105055233263,109.10540314673712,5.04,6.060974636902001
sudden_spike,Sudden spike,aggressive,Aggressive,dynamic,Dynamic - Aggressive,130.0,2.0,0.5959472798235111,26.605966284198725,6.0,2.340909722505076
sudden_spike,Sudden spike,aggressive,Aggressive,dynamic,Dynamic - Aggressive,140.0,2.0,0.06251886422507383,0.1389566499203765,6.77,0.06902782020352406
sudden_spike,Sudden spike,aggressive,Aggressive,dynamic,Dynamic - Aggressive,150.0,2.0,0.07025729933324154,0.0,5.79,0.0
sudden_spike,Sudden spike,aggressive,Aggressive,dynamic,Dynamic - Aggressive,160.0,2.0,0.07902466531275122,0.0,4.79,0.0
sudden_spike,Sudden spike,aggressive,Aggressive,dynamic,Dynamic - Aggressive,170.0,2.0,0.11106332798134808,0.0020042452675136813,3.79,0.0008278401473763561
sudden_spike,Sudden spike,aggressive,Aggressive,dynamic,Dynamic - Aggressive,180.0,2.0,0.15023641399431653,0.003680909743363827,2.86,0.0017191099207390073
sudden_spike,Sudden spike,aggressive,Aggressive,dynamic,Dynamic - Aggressive,190.0,2.0,0.19460379804955721,0.019300861411585973,2.13,0.00821617531168295
sudden_spike,Sudden spike,aggressive,Aggressive,dynamic,Dynamic - Aggressive,200.0,2.0,0.25635105127807983,0.08665954632775393,1.72,0.03781601521259473
sudden_spike,Sudden spike,aggressive,Aggressive,dynamic,Dynamic - Aggressive,210.0,2.0,0.3113985752903801,0.13696566294652782,1.38,0.06323500415233903
sudden_spike,Sudden spike,aggressive,Aggressive,dynamic,Dynamic - Aggressive,220.0,2.0,0.3536049897594142,0.1988641599358965,1.25,0.08774646074943085
sudden_spike,Sudden spike,aggressive,Aggressive,dynamic,Dynamic - Aggressive,230.0,2.0,0.37896889014179824,0.2536586696393337,1.18,0.11148538989058326
sudden_spike,Sudden spike,aggressive,Aggressive,dynamic,Dynamic - Aggressive,240.0,2.0,0.3808754016453764,0.2356790627156075,1.17,0.10870546103107354
sudden_spike,Sudden spike,aggressive,Aggressive,dynamic,Dynamic - Aggressive,250.0,2.0,0.3805466947946771,0.2715735377040066,1.13,0.12098247694830089
sudden_spike,Sudden spike,conservative,Conservative,static_c2,Static c=2,10.0,2.0,0.2019562820852537,0.013943342868700253,2.0,0.0062569431121687604
sudden_spike,Sudden spike,conservative,Conservative,static_c2,Static c=2,20.0,2.0,0.1991893634007883,0.015647730836088992,2.0,0.0069151676092080415
sudden_spike,Sudden spike,conservative,Conservative,static_c2,Static c=2,30.0,2.0,0.20388505012422403,0.014880041116929367,2.0,0.0068476694052208645
sudden_spike,Sudden spike,conservative,Conservative,static_c2,Static c=2,40.0,2.0,0.19132337552607853,0.01627369283335377,2.0,0.007428694506554694
sudden_spike,Sudden spike,conservative,Conservative,static_c2,Static c=2,50.0,2.0,0.20325286314034788,0.014782528633949276,2.0,0.006546331606518616
sudden_spike,Sudden spike,conservative,Conservative,static_c2,Static c=2,60.0,2.0,0.19911920846319567,0.018408045003782316,2.0,0.007755733170291326
sudden_spike,Sudden spike,conservative,Conservative,static_c2,Static c=2,70.0,2.0,0.20268751213821673,0.02157409108219524,2.0,0.009966193084521527
sudden_spike,Sudden spike,conservative,Conservative,static_c2,Static c=2,80.0,18.0,0.5860365650033064,9.81659141609484,2.0,0.878810477002023
sudden_spike,Sudden spike,conservative,Conservative,static_c2,Static c=2,90.0,18.0,1.0,78.12059443996286,2.0,4.366126782826619
sudden_spike,Sudden spike,conservative,Conservative,static_c2,Static c=2,100.0,18.0,1.0,155.82619697057402,2.0,8.641118345505914
sudden_spike,Sudden spike,conservative,Conservative,static_c2,Static c=2,110.0,18.0,1.0,237.83611689929825,2.0,13.11480961509107
sudden_spike,Sudden spike,conservative,Conservative,static_c2,Static c=2,120.0,18.0,1.0,318.96298682515095,2.0,17.52000721196094
sudden_spike,Sudden spike,conservative,Conservative,static_c2,Static c=2,130.0,2.0,1.0,377.992718869249,2.0,22.091474350970692
sudden_spike,Sudden spike,conservative,Conservative,static_c2,Static c=2,140.0,2.0,1.0,317.860642196946,2.0,26.55666278561
sudden_spike,Sudden spike,conservative,Conservative,static_c2,Static c=2,150.0,2.0,1.0,239.1288191917748,2.0,31.068537239647537
sudden_spike,Sudden spike,conservative,Conservative,static_c2,Static c=2,160.0,2.0,1.0,161.15850745583776,2.0,35.281044468185605
sudden_spike,Sudden spike,conservative,Conservative,static_c2,Static c=2,170.0,2.0,0.9521564518721074,81.249261250295,2.0,31.634323048020534
sudden_spike,Sudden spike,conservative,Conservative,static_c2,Static c=2,180.0,2.0,0.6048700558597903,19.839480161986796,2.0,10.950064778968333
sudden_spike,Sudden spike,conservative,Conservative,static_c2,Static c=2,190.0,2.0,0.24843767622250823,1.5921718220551673,2.0,0.9777340160728439
sudden_spike,Sudden spike,conservative,Conservative,static_c2,Static c=2,200.0,2.0,0.19813929200414823,0.021895450962224318,2.0,0.013376711873634957
sudden_spike,Sudden spike,conservative,Conservative,static_c2,Static c=2,210.0,2.0,0.19724047776324855,0.014846800687894584,2.0,0.0062088671892510695
sudden_spike,Sudden spike,conservative,Conservative,static_c2,Static c=2,220.0,2.0,0.21280658373653483,0.018483275964778327,2.0,0.00828388361750901
sudden_spike,Sudden spike,conservative,Conservative,static_c2,Static c=2,230.0,2.0,0.19634095223242481,0.016724731902249795,2.0,0.007424776780866507
sudden_spike,Sudden spike,conservative,Conservative,static_c2,Static c=2,240.0,2.0,0.19720082849864315,0.01873287487389101,2.0,0.00896263041720936
sudden_spike,Sudden spike,conservative,Conservative,static_c2,Static c=2,250.0,2.0,0.19485280092435367,0.014282865571168857,2.0,0.006503969707706539
sudden_spike,Sudden spike,conservative,Conservative,static_c6,Static c=6,10.0,2.0,0.06816055243393832,0.0,6.0,0.0
sudden_spike,Sudden spike,conservative,Conservative,static_c6,Static c=6,20.0,2.0,0.06401422690867592,0.0,6.0,0.0
sudden_spike,Sudden spike,conservative,Conservative,static_c6,Static c=6,30.0,2.0,0.06774996099122885,0.0,6.0,0.0
sudden_spike,Sudden spike,conservative,Conservative,static_c6,Static c=6,40.0,2.0,0.06496989317039613,0.0,6.0,0.0
sudden_spike,Sudden spike,conservative,Conservative,static_c6,Static c=6,50.0,2.0,0.06872402141311486,0.0,6.0,0.0
sudden_spike,Sudden spike,conservative,Conservative,static_c6,Static c=6,60.0,2.0,0.06380829672688568,0.0,6.0,0.0
sudden_spike,Sudden spike,conservative,Conservative,static_c6,Static c=6,70.0,2.0,0.06789488588905825,0.0,6.0,0.0
sudden_spike,Sudden spike,conservative,Conservative,static_c6,Static c=6,80.0,18.0,0.3218261762945411,0.1166747787792095,6.0,0.011044835344267
sudden_spike,Sudden spike,conservative,Conservative,static_c6,Static c=6,90.0,18.0,0.5961545240715174,0.3150436326137729,6.0,0.016952463739158867
sudden_spike,Sudden spike,conservative,Conservative,static_c6,Static c=6,100.0,18.0,0.6067447947273515,0.3178628085621661,6.0,0.017254932152473798
sudden_spike,Sudden spike,conservative,Conservative,static_c6,Static c=6,110.0,18.0,0.5968248910822236,0.23639978365835687,6.0,0.012847426169123023
sudden_spike,Sudden spike,conservative,Conservative,static_c6,Static c=6,120.0,18.0,0.6203561892522534,0.38422748987712824,6.0,0.02008752949320773
sudden_spike,Sudden spike,conservative,Conservative,static_c6,Static c=6,130.0,2.0,0.34192477119072384,0.13302200745044174,6.0,0.01293628940043863
sudden_spike,Sudden spike,conservative,Conservative,static_c6,Static c=6,140.0,2.0,0.06622382589333915,0.0,6.0,0.0
sudden_spike,Sudden spike,conservative,Conservative,static_c6,Static c=6,150.0,2.0,0.06761838443477124,0.0,6.0,0.0
sudden_spike,Sudden spike,conservative,Conservative,static_c6,Static c=6,160.0,2.0,0.06292537712869067,0.0,6.0,0.0
sudden_spike,Sudden spike,conservative,Conservative,static_c6,Static c=6,170.0,2.0,0.06738227826175526,0.0,6.0,0.0
sudden_spike,Sudden spike,conservative,Conservative,static_c6,Static c=6,180.0,2.0,0.06688164662167634,0.0,6.0,0.0
sudden_spike,Sudden spike,conservative,Conservative,static_c6,Static c=6,190.0,2.0,0.06736671670313217,0.0,6.0,0.0
sudden_spike,Sudden spike,conservative,Conservative,static_c6,Static c=6,200.0,2.0,0.06674956056264462,0.0,6.0,0.0
sudden_spike,Sudden spike,conservative,Conservative,static_c6,Static c=6,210.0,2.0,0.06528748307961044,0.0,6.0,0.0
sudden_spike,Sudden spike,conservative,Conservative,static_c6,Static c=6,220.0,2.0,0.06790179699604362,0.0,6.0,0.0
sudden_spike,Sudden spike,conservative,Conservative,static_c6,Static c=6,230.0,2.0,0.06722714066618965,0.0,6.0,0.0
sudden_spike,Sudden spike,conservative,Conservative,static_c6,Static c=6,240.0,2.0,0.06759027388756811,0.0,6.0,0.0
sudden_spike,Sudden spike,conservative,Conservative,static_c6,Static c=6,250.0,2.0,0.06479275498990553,0.0,6.0,0.0
sudden_spike,Sudden spike,conservative,Conservative,dynamic,Dynamic - Conservative,10.0,2.0,0.2019562820852537,0.013943342868700253,2.0,0.0062569431121687604
sudden_spike,Sudden spike,conservative,Conservative,dynamic,Dynamic - Conservative,20.0,2.0,0.24830542771822614,0.07552176977101972,1.76,0.037015720698401
sudden_spike,Sudden spike,conservative,Conservative,dynamic,Dynamic - Conservative,30.0,2.0,0.28983277045846983,0.1270339838546194,1.54,0.06292004541983162
sudden_spike,Sudden spike,conservative,Conservative,dynamic,Dynamic - Conservative,40.0,2.0,0.31875207012251533,0.19714368042576136,1.42,0.08432705109222313
sudden_spike,Sudden spike,conservative,Conservative,dynamic,Dynamic - Conservative,50.0,2.0,0.34272479085000307,0.186213802476661,1.24,0.08648730624520995
sudden_spike,Sudden spike,conservative,Conservative,dynamic,Dynamic - Conservative,60.0,2.0,0.35472210110318414,0.19392258492466588,1.17,0.08686641210364603
sudden_spike,Sudden spike,conservative,Conservative,dynamic,Dynamic - Conservative,70.0,2.0,0.37013825949948775,0.23291981452755986,1.14,0.10702103377510527
sudden_spike,Sudden spike,conservative,Conservative,dynamic,Dynamic - Conservative,80.0,18.0,0.6760708859852379,15.613860790896654,1.1,1.2639048362160112
sudden_spike,Sudden spike,conservative,Conservative,dynamic,Dynamic - Conservative,90.0,18.0,1.0,124.54070693612307,1.11,6.94751927783612
sudden_spike,Sudden spike,conservative,Conservative,dynamic,Dynamic - Conservative,100.0,18.0,1.0,224.3499030216477,2.06,12.37569060964083
sudden_spike,Sudden spike,conservative,Conservative,dynamic,Dynamic - Conservative,110.0,18.0,1.0,302.47316865821807,2.1,16.635451918070654
sudden_spike,Sudden spike,conservative,Conservative,dynamic,Dynamic - Conservative,120.0,18.0,1.0,378.1783197593044,2.11,20.80996094674523
sudden_spike,Sudden spike,conservative,Conservative,dynamic,Dynamic - Conservative,130.0,2.0,1.0,407.20573103236353,3.06,23.703412557646203
sudden_spike,Sudden spike,conservative,Conservative,dynamic,Dynamic - Conservative,140.0,2.0,0.9694679072940822,294.4005726515499,3.1,25.03945369209371
sudden_spike,Sudden spike,conservative,Conservative,dynamic,Dynamic - Conservative,150.0,2.0,0.9069660743650236,173.3200082601662,3.11,25.663232471599535
sudden_spike,Sudden spike,conservative,Conservative,dynamic,Dynamic - Conservative,160.0,2.0,0.6775270659834639,45.958388489483816,3.88,19.143427121219517
sudden_spike,Sudden spike,conservative,Conservative,dynamic,Dynamic - Conservative,170.0,2.0,0.12457504554162456,0.6662952628658148,3.9,0.6596141721101371
sudden_spike,Sudden spike,conservative,Conservative,dynamic,Dynamic - Conservative,180.0,2.0,0.10602878028632069,0.0006858555300936757,3.89,0.0003810308500520421
sudden_spike,Sudden spike,conservative,Conservative,dynamic,Dynamic - Conservative,190.0,2.0,0.1349416865039416,0.0023746559602897148,3.01,0.0009818582575775495
sudden_spike,Sudden spike,conservative,Conservative,dynamic,Dynamic - Conservative,200.0,2.0,0.14569981259172834,0.0019667503183136716,2.91,0.000926659986177603
sudden_spike,Sudden spike,conservative,Conservative,dynamic,Dynamic - Conservative,210.0,2.0,0.13857234267096133,0.0030645571187041015,2.9,0.0013072053016496964
sudden_spike,Sudden spike,conservative,Conservative,dynamic,Dynamic - Conservative,220.0,2.0,0.18958718421179832,0.014532346651034833,2.13,0.006622577528072934
sudden_spike,Sudden spike,conservative,Conservative,dynamic,Dynamic - Conservative,230.0,2.0,0.21195741273652785,0.02966457124674704,1.97,0.013721653631137703
sudden_spike,Sudden spike,conservative,Conservative,dynamic,Dynamic - Conservative,240.0,2.0,0.21042841827807393,0.023358258367143128,1.96,0.0098622097997143
sudden_spike,Sudden spike,conservative,Conservative,dynamic,Dynamic - Conservative,250.0,2.0,0.24558685407941194,0.0862677507565006,1.74,0.04048962835670813
sudden_spike,Sudden spike,queue_priority,Queue-priority,static_c2,Static c=2,10.0,2.0,0.2019562820852537,0.013943342868700253,2.0,0.0062569431121687604
sudden_spike,Sudden spike,queue_priority,Queue-priority,static_c2,Static c=2,20.0,2.0,0.1991893634007883,0.015647730836088992,2.0,0.0069151676092080415
sudden_spike,Sudden spike,queue_priority,Queue-priority,static_c2,Static c=2,30.0,2.0,0.20388505012422403,0.014880041116929367,2.0,0.0068476694052208645
sudden_spike,Sudden spike,queue_priority,Queue-priority,static_c2,Static c=2,40.0,2.0,0.19132337552607853,0.01627369283335377,2.0,0.007428694506554694
sudden_spike,Sudden spike,queue_priority,Queue-priority,static_c2,Static c=2,50.0,2.0,0.20325286314034788,0.014782528633949276,2.0,0.006546331606518616
sudden_spike,Sudden spike,queue_priority,Queue-priority,static_c2,Static c=2,60.0,2.0,0.19911920846319567,0.018408045003782316,2.0,0.007755733170291326
sudden_spike,Sudden spike,queue_priority,Queue-priority,static_c2,Static c=2,70.0,2.0,0.20268751213821673,0.02157409108219524,2.0,0.009966193084521527
sudden_spike,Sudden spike,queue_priority,Queue-priority,static_c2,Static c=2,80.0,18.0,0.5860365650033064,9.81659141609484,2.0,0.878810477002023
sudden_spike,Sudden spike,queue_priority,Queue-priority,static_c2,Static c=2,90.0,18.0,1.0,78.12059443996286,2.0,4.366126782826619
sudden_spike,Sudden spike,queue_priority,Queue-priority,static_c2,Static c=2,100.0,18.0,1.0,155.82619697057402,2.0,8.641118345505914
sudden_spike,Sudden spike,queue_priority,Queue-priority,static_c2,Static c=2,110.0,18.0,1.0,237.83611689929825,2.0,13.11480961509107
sudden_spike,Sudden spike,queue_priority,Queue-priority,static_c2,Static c=2,120.0,18.0,1.0,318.96298682515095,2.0,17.52000721196094
sudden_spike,Sudden spike,queue_priority,Queue-priority,static_c2,Static c=2,130.0,2.0,1.0,377.992718869249,2.0,22.091474350970692
sudden_spike,Sudden spike,queue_priority,Queue-priority,static_c2,Static c=2,140.0,2.0,1.0,317.860642196946,2.0,26.55666278561
sudden_spike,Sudden spike,queue_priority,Queue-priority,static_c2,Static c=2,150.0,2.0,1.0,239.1288191917748,2.0,31.068537239647537
sudden_spike,Sudden spike,queue_priority,Queue-priority,static_c2,Static c=2,160.0,2.0,1.0,161.15850745583776,2.0,35.281044468185605
sudden_spike,Sudden spike,queue_priority,Queue-priority,static_c2,Static c=2,170.0,2.0,0.9521564518721074,81.249261250295,2.0,31.634323048020534
sudden_spike,Sudden spike,queue_priority,Queue-priority,static_c2,Static c=2,180.0,2.0,0.6048700558597903,19.839480161986796,2.0,10.950064778968333
sudden_spike,Sudden spike,queue_priority,Queue-priority,static_c2,Static c=2,190.0,2.0,0.24843767622250823,1.5921718220551673,2.0,0.9777340160728439
sudden_spike,Sudden spike,queue_priority,Queue-priority,static_c2,Static c=2,200.0,2.0,0.19813929200414823,0.021895450962224318,2.0,0.013376711873634957
sudden_spike,Sudden spike,queue_priority,Queue-priority,static_c2,Static c=2,210.0,2.0,0.19724047776324855,0.014846800687894584,2.0,0.0062088671892510695
sudden_spike,Sudden spike,queue_priority,Queue-priority,static_c2,Static c=2,220.0,2.0,0.21280658373653483,0.018483275964778327,2.0,0.00828388361750901
sudden_spike,Sudden spike,queue_priority,Queue-priority,static_c2,Static c=2,230.0,2.0,0.19634095223242481,0.016724731902249795,2.0,0.007424776780866507
sudden_spike,Sudden spike,queue_priority,Queue-priority,static_c2,Static c=2,240.0,2.0,0.19720082849864315,0.01873287487389101,2.0,0.00896263041720936
sudden_spike,Sudden spike,queue_priority,Queue-priority,static_c2,Static c=2,250.0,2.0,0.19485280092435367,0.014282865571168857,2.0,0.006503969707706539
sudden_spike,Sudden spike,queue_priority,Queue-priority,static_c6,Static c=6,10.0,2.0,0.06816055243393832,0.0,6.0,0.0
sudden_spike,Sudden spike,queue_priority,Queue-priority,static_c6,Static c=6,20.0,2.0,0.06401422690867592,0.0,6.0,0.0
sudden_spike,Sudden spike,queue_priority,Queue-priority,static_c6,Static c=6,30.0,2.0,0.06774996099122885,0.0,6.0,0.0
sudden_spike,Sudden spike,queue_priority,Queue-priority,static_c6,Static c=6,40.0,2.0,0.06496989317039613,0.0,6.0,0.0
sudden_spike,Sudden spike,queue_priority,Queue-priority,static_c6,Static c=6,50.0,2.0,0.06872402141311486,0.0,6.0,0.0
sudden_spike,Sudden spike,queue_priority,Queue-priority,static_c6,Static c=6,60.0,2.0,0.06380829672688568,0.0,6.0,0.0
sudden_spike,Sudden spike,queue_priority,Queue-priority,static_c6,Static c=6,70.0,2.0,0.06789488588905825,0.0,6.0,0.0
sudden_spike,Sudden spike,queue_priority,Queue-priority,static_c6,Static c=6,80.0,18.0,0.3218261762945411,0.1166747787792095,6.0,0.011044835344267
sudden_spike,Sudden spike,queue_priority,Queue-priority,static_c6,Static c=6,90.0,18.0,0.5961545240715174,0.3150436326137729,6.0,0.016952463739158867
sudden_spike,Sudden spike,queue_priority,Queue-priority,static_c6,Static c=6,100.0,18.0,0.6067447947273515,0.3178628085621661,6.0,0.017254932152473798
sudden_spike,Sudden spike,queue_priority,Queue-priority,static_c6,Static c=6,110.0,18.0,0.5968248910822236,0.23639978365835687,6.0,0.012847426169123023
sudden_spike,Sudden spike,queue_priority,Queue-priority,static_c6,Static c=6,120.0,18.0,0.6203561892522534,0.38422748987712824,6.0,0.02008752949320773
sudden_spike,Sudden spike,queue_priority,Queue-priority,static_c6,Static c=6,130.0,2.0,0.34192477119072384,0.13302200745044174,6.0,0.01293628940043863
sudden_spike,Sudden spike,queue_priority,Queue-priority,static_c6,Static c=6,140.0,2.0,0.06622382589333915,0.0,6.0,0.0
sudden_spike,Sudden spike,queue_priority,Queue-priority,static_c6,Static c=6,150.0,2.0,0.06761838443477124,0.0,6.0,0.0
sudden_spike,Sudden spike,queue_priority,Queue-priority,static_c6,Static c=6,160.0,2.0,0.06292537712869067,0.0,6.0,0.0
sudden_spike,Sudden spike,queue_priority,Queue-priority,static_c6,Static c=6,170.0,2.0,0.06738227826175526,0.0,6.0,0.0
sudden_spike,Sudden spike,queue_priority,Queue-priority,static_c6,Static c=6,180.0,2.0,0.06688164662167634,0.0,6.0,0.0
sudden_spike,Sudden spike,queue_priority,Queue-priority,static_c6,Static c=6,190.0,2.0,0.06736671670313217,0.0,6.0,0.0
sudden_spike,Sudden spike,queue_priority,Queue-priority,static_c6,Static c=6,200.0,2.0,0.06674956056264462,0.0,6.0,0.0
sudden_spike,Sudden spike,queue_priority,Queue-priority,static_c6,Static c=6,210.0,2.0,0.06528748307961044,0.0,6.0,0.0
sudden_spike,Sudden spike,queue_priority,Queue-priority,static_c6,Static c=6,220.0,2.0,0.06790179699604362,0.0,6.0,0.0
sudden_spike,Sudden spike,queue_priority,Queue-priority,static_c6,Static c=6,230.0,2.0,0.06722714066618965,0.0,6.0,0.0
sudden_spike,Sudden spike,queue_priority,Queue-priority,static_c6,Static c=6,240.0,2.0,0.06759027388756811,0.0,6.0,0.0
sudden_spike,Sudden spike,queue_priority,Queue-priority,static_c6,Static c=6,250.0,2.0,0.06479275498990553,0.0,6.0,0.0
sudden_spike,Sudden spike,queue_priority,Queue-priority,dynamic,Dynamic - Queue-priority,10.0,2.0,0.2019562820852537,0.013943342868700253,2.0,0.0062569431121687604
sudden_spike,Sudden spike,queue_priority,Queue-priority,dynamic,Dynamic - Queue-priority,20.0,2.0,0.25471718372086927,0.08381709952732538,1.7,0.04173817911980542
sudden_spike,Sudden spike,queue_priority,Queue-priority,dynamic,Dynamic - Queue-priority,30.0,2.0,0.30511508944685306,0.1409849162434702,1.45,0.07044761883564847
sudden_spike,Sudden spike,queue_priority,Queue-priority,dynamic,Dynamic - Queue-priority,40.0,2.0,0.34679972156935046,0.22604978163861109,1.3,0.09578166912130252
sudden_spike,Sudden spike,queue_priority,Queue-priority,dynamic,Dynamic - Queue-priority,50.0,2.0,0.36566614645729345,0.21449495389388545,1.14,0.100241534809342
sudden_spike,Sudden spike,queue_priority,Queue-priority,dynamic,Dynamic - Queue-priority,60.0,2.0,0.3694661930024013,0.2286990912999286,1.1,0.10115818159872512
sudden_spike,Sudden spike,queue_priority,Queue-priority,dynamic,Dynamic - Queue-priority,70.0,2.0,0.3828478233486389,0.23713463267262302,1.08,0.11185615323510115
sudden_spike,Sudden spike,queue_priority,Queue-priority,dynamic,Dynamic - Queue-priority,80.0,18.0,0.6830787734570467,16.012268945083193,1.05,1.275908171351643
sudden_spike,Sudden spike,queue_priority,Queue-priority,dynamic,Dynamic - Queue-priority,90.0,18.0,1.0,101.70637333189492,1.99,5.64778303423272
sudden_spike,Sudden spike,queue_priority,Queue-priority,dynamic,Dynamic - Queue-priority,100.0,18.0,1.0,179.26737171930523,2.05,9.936071281766818
sudden_spike,Sudden spike,queue_priority,Queue-priority,dynamic,Dynamic - Queue-priority,110.0,18.0,1.0,231.40024015457286,2.99,12.8543188243523
sudden_spike,Sudden spike,queue_priority,Queue-priority,dynamic,Dynamic - Queue-priority,120.0,18.0,0.9988621266514756,257.2373666010701,3.05,14.322530970894277
sudden_spike,Sudden spike,queue_priority,Queue-priority,dynamic,Dynamic - Queue-priority,130.0,2.0,0.9826599320079921,241.3412636808307,3.98,14.540418866093239
sudden_spike,Sudden spike,queue_priority,Queue-priority,dynamic,Dynamic - Queue-priority,140.0,2.0,0.8803837505956653,91.31326817550526,4.04,12.831101626814581
sudden_spike,Sudden spike,queue_priority,Queue-priority,dynamic,Dynamic - Queue-priority,150.0,2.0,0.1724535390904849,3.418423483998913,4.89,2.9842612573032006
sudden_spike,Sudden spike,queue_priority,Queue-priority,dynamic,Dynamic - Queue-priority,160.0,2.0,0.08254082219379151,5.5933846085736155e-06,4.91,2.1513017725283136e-06
sudden_spike,Sudden spike,queue_priority,Queue-priority,dynamic,Dynamic - Queue-priority,170.0,2.0,0.10027748672147138,0.0001960263714796042,3.98,0.00010170935586145743
sudden_spike,Sudden spike,queue_priority,Queue-priority,dynamic,Dynamic - Queue-priority,180.0,2.0,0.10406798551218799,0.0001905556518019296,3.91,8.270842664008716e-05
sudden_spike,Sudden spike,queue_priority,Queue-priority,dynamic,Dynamic - Queue-priority,190.0,2.0,0.138408895867779,0.004776171677675876,3.01,0.002103410726025172
sudden_spike,Sudden spike,queue_priority,Queue-priority,dynamic,Dynamic - Queue-priority,200.0,2.0,0.13555718338717287,0.0030394498628477044,2.94,0.0013076570664450637
sudden_spike,Sudden spike,queue_priority,Queue-priority,dynamic,Dynamic - Queue-priority,210.0,2.0,0.19584603660698874,0.022794000439320512,2.14,0.010643130785713025
sudden_spike,Sudden spike,queue_priority,Queue-priority,dynamic,Dynamic - Queue-priority,220.0,2.0,0.21185926103776617,0.02479608137131194,1.95,0.011462065806074817
sudden_spike,Sudden spike,queue_priority,Queue-priority,dynamic,Dynamic - Queue-priority,230.0,2.0,0.28280713193845364,0.10050739244525592,1.6,0.04426008217578592
sudden_spike,Sudden spike,queue_priority,Queue-priority,dynamic,Dynamic - Queue-priority,240.0,2.0,0.31591720820033753,0.14243008748988503,1.37,0.0687335210578885
sudden_spike,Sudden spike,queue_priority,Queue-priority,dynamic,Dynamic - Queue-priority,250.0,2.0,0.3476412219484732,0.21419040356338637,1.27,0.09486736828242685
sudden_spike,Sudden spike,fast_response,Fast-response,static_c2,Static c=2,10.0,2.0,0.2019562820852537,0.013943342868700253,2.0,0.0062569431121687604
sudden_spike,Sudden spike,fast_response,Fast-response,static_c2,Static c=2,20.0,2.0,0.1991893634007883,0.015647730836088992,2.0,0.0069151676092080415
sudden_spike,Sudden spike,fast_response,Fast-response,static_c2,Static c=2,30.0,2.0,0.20388505012422403,0.014880041116929367,2.0,0.0068476694052208645
sudden_spike,Sudden spike,fast_response,Fast-response,static_c2,Static c=2,40.0,2.0,0.19132337552607853,0.01627369283335377,2.0,0.007428694506554694
sudden_spike,Sudden spike,fast_response,Fast-response,static_c2,Static c=2,50.0,2.0,0.20325286314034788,0.014782528633949276,2.0,0.006546331606518616
sudden_spike,Sudden spike,fast_response,Fast-response,static_c2,Static c=2,60.0,2.0,0.19911920846319567,0.018408045003782316,2.0,0.007755733170291326
sudden_spike,Sudden spike,fast_response,Fast-response,static_c2,Static c=2,70.0,2.0,0.20268751213821673,0.02157409108219524,2.0,0.009966193084521527
sudden_spike,Sudden spike,fast_response,Fast-response,static_c2,Static c=2,80.0,18.0,0.5860365650033064,9.81659141609484,2.0,0.878810477002023
sudden_spike,Sudden spike,fast_response,Fast-response,static_c2,Static c=2,90.0,18.0,1.0,78.12059443996286,2.0,4.366126782826619
sudden_spike,Sudden spike,fast_response,Fast-response,static_c2,Static c=2,100.0,18.0,1.0,155.82619697057402,2.0,8.641118345505914
sudden_spike,Sudden spike,fast_response,Fast-response,static_c2,Static c=2,110.0,18.0,1.0,237.83611689929825,2.0,13.11480961509107
sudden_spike,Sudden spike,fast_response,Fast-response,static_c2,Static c=2,120.0,18.0,1.0,318.96298682515095,2.0,17.52000721196094
sudden_spike,Sudden spike,fast_response,Fast-response,static_c2,Static c=2,130.0,2.0,1.0,377.992718869249,2.0,22.091474350970692
sudden_spike,Sudden spike,fast_response,Fast-response,static_c2,Static c=2,140.0,2.0,1.0,317.860642196946,2.0,26.55666278561
sudden_spike,Sudden spike,fast_response,Fast-response,static_c2,Static c=2,150.0,2.0,1.0,239.1288191917748,2.0,31.068537239647537
sudden_spike,Sudden spike,fast_response,Fast-response,static_c2,Static c=2,160.0,2.0,1.0,161.15850745583776,2.0,35.281044468185605
sudden_spike,Sudden spike,fast_response,Fast-response,static_c2,Static c=2,170.0,2.0,0.9521564518721074,81.249261250295,2.0,31.634323048020534
sudden_spike,Sudden spike,fast_response,Fast-response,static_c2,Static c=2,180.0,2.0,0.6048700558597903,19.839480161986796,2.0,10.950064778968333
sudden_spike,Sudden spike,fast_response,Fast-response,static_c2,Static c=2,190.0,2.0,0.24843767622250823,1.5921718220551673,2.0,0.9777340160728439
sudden_spike,Sudden spike,fast_response,Fast-response,static_c2,Static c=2,200.0,2.0,0.19813929200414823,0.021895450962224318,2.0,0.013376711873634957
sudden_spike,Sudden spike,fast_response,Fast-response,static_c2,Static c=2,210.0,2.0,0.19724047776324855,0.014846800687894584,2.0,0.0062088671892510695
sudden_spike,Sudden spike,fast_response,Fast-response,static_c2,Static c=2,220.0,2.0,0.21280658373653483,0.018483275964778327,2.0,0.00828388361750901
sudden_spike,Sudden spike,fast_response,Fast-response,static_c2,Static c=2,230.0,2.0,0.19634095223242481,0.016724731902249795,2.0,0.007424776780866507
sudden_spike,Sudden spike,fast_response,Fast-response,static_c2,Static c=2,240.0,2.0,0.19720082849864315,0.01873287487389101,2.0,0.00896263041720936
sudden_spike,Sudden spike,fast_response,Fast-response,static_c2,Static c=2,250.0,2.0,0.19485280092435367,0.014282865571168857,2.0,0.006503969707706539
sudden_spike,Sudden spike,fast_response,Fast-response,static_c6,Static c=6,10.0,2.0,0.06816055243393832,0.0,6.0,0.0
sudden_spike,Sudden spike,fast_response,Fast-response,static_c6,Static c=6,20.0,2.0,0.06401422690867592,0.0,6.0,0.0
sudden_spike,Sudden spike,fast_response,Fast-response,static_c6,Static c=6,30.0,2.0,0.06774996099122885,0.0,6.0,0.0
sudden_spike,Sudden spike,fast_response,Fast-response,static_c6,Static c=6,40.0,2.0,0.06496989317039613,0.0,6.0,0.0
sudden_spike,Sudden spike,fast_response,Fast-response,static_c6,Static c=6,50.0,2.0,0.06872402141311486,0.0,6.0,0.0
sudden_spike,Sudden spike,fast_response,Fast-response,static_c6,Static c=6,60.0,2.0,0.06380829672688568,0.0,6.0,0.0
sudden_spike,Sudden spike,fast_response,Fast-response,static_c6,Static c=6,70.0,2.0,0.06789488588905825,0.0,6.0,0.0
sudden_spike,Sudden spike,fast_response,Fast-response,static_c6,Static c=6,80.0,18.0,0.3218261762945411,0.1166747787792095,6.0,0.011044835344267
sudden_spike,Sudden spike,fast_response,Fast-response,static_c6,Static c=6,90.0,18.0,0.5961545240715174,0.3150436326137729,6.0,0.016952463739158867
sudden_spike,Sudden spike,fast_response,Fast-response,static_c6,Static c=6,100.0,18.0,0.6067447947273515,0.3178628085621661,6.0,0.017254932152473798
sudden_spike,Sudden spike,fast_response,Fast-response,static_c6,Static c=6,110.0,18.0,0.5968248910822236,0.23639978365835687,6.0,0.012847426169123023
sudden_spike,Sudden spike,fast_response,Fast-response,static_c6,Static c=6,120.0,18.0,0.6203561892522534,0.38422748987712824,6.0,0.02008752949320773
sudden_spike,Sudden spike,fast_response,Fast-response,static_c6,Static c=6,130.0,2.0,0.34192477119072384,0.13302200745044174,6.0,0.01293628940043863
sudden_spike,Sudden spike,fast_response,Fast-response,static_c6,Static c=6,140.0,2.0,0.06622382589333915,0.0,6.0,0.0
sudden_spike,Sudden spike,fast_response,Fast-response,static_c6,Static c=6,150.0,2.0,0.06761838443477124,0.0,6.0,0.0
sudden_spike,Sudden spike,fast_response,Fast-response,static_c6,Static c=6,160.0,2.0,0.06292537712869067,0.0,6.0,0.0
sudden_spike,Sudden spike,fast_response,Fast-response,static_c6,Static c=6,170.0,2.0,0.06738227826175526,0.0,6.0,0.0
sudden_spike,Sudden spike,fast_response,Fast-response,static_c6,Static c=6,180.0,2.0,0.06688164662167634,0.0,6.0,0.0
sudden_spike,Sudden spike,fast_response,Fast-response,static_c6,Static c=6,190.0,2.0,0.06736671670313217,0.0,6.0,0.0
sudden_spike,Sudden spike,fast_response,Fast-response,static_c6,Static c=6,200.0,2.0,0.06674956056264462,0.0,6.0,0.0
sudden_spike,Sudden spike,fast_response,Fast-response,static_c6,Static c=6,210.0,2.0,0.06528748307961044,0.0,6.0,0.0
sudden_spike,Sudden spike,fast_response,Fast-response,static_c6,Static c=6,220.0,2.0,0.06790179699604362,0.0,6.0,0.0
sudden_spike,Sudden spike,fast_response,Fast-response,static_c6,Static c=6,230.0,2.0,0.06722714066618965,0.0,6.0,0.0
sudden_spike,Sudden spike,fast_response,Fast-response,static_c6,Static c=6,240.0,2.0,0.06759027388756811,0.0,6.0,0.0
sudden_spike,Sudden spike,fast_response,Fast-response,static_c6,Static c=6,250.0,2.0,0.06479275498990553,0.0,6.0,0.0
sudden_spike,Sudden spike,fast_response,Fast-response,dynamic,Dynamic - Fast-response,10.0,2.0,0.2019562820852537,0.013943342868700253,2.0,0.0062569431121687604
sudden_spike,Sudden spike,fast_response,Fast-response,dynamic,Dynamic - Fast-response,20.0,2.0,0.2539024735892859,0.08317481812778908,1.71,0.04123476915595504
sudden_spike,Sudden spike,fast_response,Fast-response,dynamic,Dynamic - Fast-response,30.0,2.0,0.29889761931673864,0.13701778886361032,1.48,0.06850283762818185
sudden_spike,Sudden spike,fast_response,Fast-response,dynamic,Dynamic - Fast-response,40.0,2.0,0.34066447105054687,0.2226822792032487,1.34,0.09433750923808805
sudden_spike,Sudden spike,fast_response,Fast-response,dynamic,Dynamic - Fast-response,50.0,2.0,0.360204020797249,0.21288694083926227,1.17,0.09898976331706179
sudden_spike,Sudden spike,fast_response,Fast-response,dynamic,Dynamic - Fast-response,60.0,2.0,0.36211107573702944,0.22069145644537447,1.13,0.09635129042870996
sudden_spike,Sudden spike,fast_response,Fast-response,dynamic,Dynamic - Fast-response,70.0,2.0,0.37718834149290925,0.23091088157936945,1.1,0.10925668683343945
sudden_spike,Sudden spike,fast_response,Fast-response,dynamic,Dynamic - Fast-response,80.0,18.0,0.6821687270235165,15.87911935931324,1.07,1.2701366757977557
sudden_spike,Sudden spike,fast_response,Fast-response,dynamic,Dynamic - Fast-response,90.0,18.0,1.0,106.97674163969813,1.79,5.9617815193456565
sudden_spike,Sudden spike,fast_response,Fast-response,dynamic,Dynamic - Fast-response,100.0,18.0,1.0,171.21078247524594,2.79,9.443872700864448
sudden_spike,Sudden spike,fast_response,Fast-response,dynamic,Dynamic - Fast-response,110.0,18.0,0.9972477628769789,185.49985747331775,3.79,10.268503291415549
sudden_spike,Sudden spike,fast_response,Fast-response,dynamic,Dynamic - Fast-response,120.0,18.0,0.9952468068623384,149.2543420565054,4.78,8.305870674385512
sudden_spike,Sudden spike,fast_response,Fast-response,dynamic,Dynamic - Fast-response,130.0,2.0,0.6889280696491908,66.09035542507678,5.78,4.668350314178043
sudden_spike,Sudden spike,fast_response,Fast-response,dynamic,Dynamic - Fast-response,140.0,2.0,0.14714299741721398,5.533475112553661,6.52,1.7335495401073098
sudden_spike,Sudden spike,fast_response,Fast-response,dynamic,Dynamic - Fast-response,150.0,2.0,0.06922619889517159,0.0,5.9,0.0
sudden_spike,Sudden spike,fast_response,Fast-response,dynamic,Dynamic - Fast-response,160.0,2.0,0.07761605091757309,0.0,4.9,0.0
sudden_spike,Sudden spike,fast_response,Fast-response,dynamic,Dynamic - Fast-response,170.0,2.0,0.1093621371154608,0.0018685696210108064,3.9,0.0007741511939439877
sudden_spike,Sudden spike,fast_response,Fast-response,dynamic,Dynamic - Fast-response,180.0,2.0,0.15023219769727927,0.003257945160449538,2.98,0.0014378159944645114
sudden_spike,Sudden spike,fast_response,Fast-response,dynamic,Dynamic - Fast-response,190.0,2.0,0.19236340509163138,0.025437613510428326,2.23,0.01081476882155656
sudden_spike,Sudden spike,fast_response,Fast-response,dynamic,Dynamic - Fast-response,200.0,2.0,0.2523656813725142,0.10601084467143451,1.78,0.04733684302441982
sudden_spike,Sudden spike,fast_response,Fast-response,dynamic,Dynamic - Fast-response,210.0,2.0,0.29920168336593034,0.12238343734179771,1.47,0.05605375531812544
sudden_spike,Sudden spike,fast_response,Fast-response,dynamic,Dynamic - Fast-response,220.0,2.0,0.32744320172921065,0.1626592951020253,1.34,0.0745868072289847
sudden_spike,Sudden spike,fast_response,Fast-response,dynamic,Dynamic - Fast-response,230.0,2.0,0.3689050143601607,0.2267261089433159,1.23,0.0982092116577497
sudden_spike,Sudden spike,fast_response,Fast-response,dynamic,Dynamic - Fast-response,240.0,2.0,0.3763887705575848,0.2478870561919337,1.17,0.11111276106555122
sudden_spike,Sudden spike,fast_response,Fast-response,dynamic,Dynamic - Fast-response,250.0,2.0,0.36648154737165456,0.23306176386981428,1.15,0.11146215649460477
repeated_spikes,Repeated spikes,balanced,Balanced,static_c2,Static c=2,10.0,2.0,0.1926856506511609,0.015400496958749715,2.0,0.007422507157788329
repeated_spikes,Repeated spikes,balanced,Balanced,static_c2,Static c=2,20.0,2.0,0.19325923630118994,0.016868008584709125,2.0,0.007921992574731404
repeated_spikes,Repeated spikes,balanced,Balanced,static_c2,Static c=2,30.0,2.0,0.20102390886658228,0.021902459789120914,2.0,0.0095916053030133
repeated_spikes,Repeated spikes,balanced,Balanced,static_c2,Static c=2,40.0,2.0,0.19969450521547208,0.014947356807062565,2.0,0.006619008496918389
repeated_spikes,Repeated spikes,balanced,Balanced,static_c2,Static c=2,50,2.0,0.20979506199181877,0.017973395412790527,2.0,0.008672633858067446
repeated_spikes,Repeated spikes,balanced,Balanced,static_c2,Static c=2,60.0,15.0,0.9778223220297645,24.736752185036163,2.0,1.6452380428755498
repeated_spikes,Repeated spikes,balanced,Balanced,static_c2,Static c=2,70.0,15.0,1.0,72.19482883048445,2.0,4.867814811021426
repeated_spikes,Repeated spikes,balanced,Balanced,static_c2,Static c=2,80.0,15.0,1.0,120.74869957487783,2.0,8.007305334464228
repeated_spikes,Repeated spikes,balanced,Balanced,static_c2,Static c=2,90,15.0,1.0,170.2258411420315,2.0,11.41202419861361
repeated_spikes,Repeated spikes,balanced,Balanced,static_c2,Static c=2,100.0,3.0,1.0,160.77738511562177,2.0,14.67267592495916
repeated_spikes,Repeated spikes,balanced,Balanced,static_c2,Static c=2,110.0,3.0,0.9925992273878274,91.04304059514807,2.0,17.171082439443424
repeated_spikes,Repeated spikes,balanced,Balanced,static_c2,Static c=2,120.0,3.0,0.7714944277351856,28.995654236328534,2.0,9.818869946477013
repeated_spikes,Repeated spikes,balanced,Balanced,static_c2,Static c=2,130,3.0,0.39623308479468344,2.3399845156426577,2.0,1.111685503249152
repeated_spikes,Repeated spikes,balanced,Balanced,static_c2,Static c=2,140.0,18.0,0.9887748277465751,40.70539378020454,2.0,2.226504912112782
repeated_spikes,Repeated spikes,balanced,Balanced,static_c2,Static c=2,150.0,18.0,1.0,121.73846046401133,2.0,6.698343211360608
repeated_spikes,Repeated spikes,balanced,Balanced,static_c2,Static c=2,160.0,18.0,1.0,202.3877381771884,2.0,11.237432143428553
repeated_spikes,Repeated spikes,balanced,Balanced,static_c2,Static c=2,170.0,18.0,1.0,283.475233804882,2.0,15.707394416608695
repeated_spikes,Repeated spikes,balanced,Balanced,static_c2,Static c=2,180.0,2.0,1.0,343.21114351471095,2.0,20.132434439434785
repeated_spikes,Repeated spikes,balanced,Balanced,static_c2,Static c=2,190.0,2.0,1.0,282.162538325562,2.0,24.483763249990346
repeated_spikes,Repeated spikes,balanced,Balanced,static_c2,Static c=2,200.0,2.0,1.0,202.24546226452512,2.0,28.94036851059213
repeated_spikes,Repeated spikes,balanced,Balanced,static_c2,Static c=2,210.0,2.0,0.9928317571348418,121.83312222035076,2.0,32.23876946830091
repeated_spikes,Repeated spikes,balanced,Balanced,static_c2,Static c=2,220.0,2.0,0.8623906125435231,46.76915586632514,2.0,21.74168980191991
repeated_spikes,Repeated spikes,balanced,Balanced,static_c2,Static c=2,230.0,2.0,0.37399372487856214,4.8890073206888465,2.0,3.522022235471295
repeated_spikes,Repeated spikes,balanced,Balanced,static_c2,Static c=2,240.0,2.0,0.2017484282733467,0.09307050317362836,2.0,0.07994719169759619
repeated_spikes,Repeated spikes,balanced,Balanced,static_c2,Static c=2,250.0,2.0,0.20765222244160214,0.01643382047236253,2.0,0.0070760427235476734
repeated_spikes,Repeated spikes,balanced,Balanced,static_c6,Static c=6,10.0,2.0,0.06587553287369496,0.0,6.0,0.0
repeated_spikes,Repeated spikes,balanced,Balanced,static_c6,Static c=6,20.0,2.0,0.06591745838545396,0.0,6.0,0.0
repeated_spikes,Repeated spikes,balanced,Balanced,static_c6,Static c=6,30.0,2.0,0.06697871406363035,0.0,6.0,0.0
repeated_spikes,Repeated spikes,balanced,Balanced,static_c6,Static c=6,40.0,2.0,0.06845263619358423,0.0,6.0,0.0
repeated_spikes,Repeated spikes,balanced,Balanced,static_c6,Static c=6,50,2.0,0.0708206449199408,0.0,6.0,0.0
repeated_spikes,Repeated spikes,balanced,Balanced,static_c6,Static c=6,60.0,15.0,0.4830176339598406,0.08195761640591989,6.0,0.005270121662870924
repeated_spikes,Repeated spikes,balanced,Balanced,static_c6,Static c=6,70.0,15.0,0.49439589235650694,0.08358794820092832,6.0,0.005473941255490038
repeated_spikes,Repeated spikes,balanced,Balanced,static_c6,Static c=6,80.0,15.0,0.5005185065489549,0.1073960272363081,6.0,0.007042387243853711
repeated_spikes,Repeated spikes,balanced,Balanced,static_c6,Static c=6,90,15.0,0.5007175381575276,0.09885686572364859,6.0,0.006458898245795715
repeated_spikes,Repeated spikes,balanced,Balanced,static_c6,Static c=6,100.0,3.0,0.110181395112741,0.00016815539112197085,6.0,0.0001397847361930231
repeated_spikes,Repeated spikes,balanced,Balanced,static_c6,Static c=6,110.0,3.0,0.09800720152620844,0.0,6.0,0.0
repeated_spikes,Repeated spikes,balanced,Balanced,static_c6,Static c=6,120.0,3.0,0.10071857389416315,0.0,6.0,0.0
repeated_spikes,Repeated spikes,balanced,Balanced,static_c6,Static c=6,130,3.0,0.09891248799982083,0.0,6.0,0.0
repeated_spikes,Repeated spikes,balanced,Balanced,static_c6,Static c=6,140.0,18.0,0.5942152040947138,0.27723619639016417,6.0,0.014616388312603347
repeated_spikes,Repeated spikes,balanced,Balanced,static_c6,Static c=6,150.0,18.0,0.6074970860110901,0.34695981358413214,6.0,0.01875266290241139
repeated_spikes,Repeated spikes,balanced,Balanced,static_c6,Static c=6,160.0,18.0,0.5959854317491949,0.2909650299721098,6.0,0.015633961434502255
repeated_spikes,Repeated spikes,balanced,Balanced,static_c6,Static c=6,170.0,18.0,0.6061478655307063,0.2793894588277006,6.0,0.015267475877685354
repeated_spikes,Repeated spikes,balanced,Balanced,static_c6,Static c=6,180.0,2.0,0.3449300362354665,0.14313344851117024,6.0,0.013718941171243053
repeated_spikes,Repeated spikes,balanced,Balanced,static_c6,Static c=6,190.0,2.0,0.06686451027105435,0.0,6.0,0.0
repeated_spikes,Repeated spikes,balanced,Balanced,static_c6,Static c=6,200.0,2.0,0.06479304836039708,0.0,6.0,0.0
repeated_spikes,Repeated spikes,balanced,Balanced,static_c6,Static c=6,210.0,2.0,0.06803060006379492,0.0,6.0,0.0
repeated_spikes,Repeated spikes,balanced,Balanced,static_c6,Static c=6,220.0,2.0,0.06848426728465923,0.0,6.0,0.0
repeated_spikes,Repeated spikes,balanced,Balanced,static_c6,Static c=6,230.0,2.0,0.06595544083681584,0.0,6.0,0.0
repeated_spikes,Repeated spikes,balanced,Balanced,static_c6,Static c=6,240.0,2.0,0.06806098156877938,0.0,6.0,0.0
repeated_spikes,Repeated spikes,balanced,Balanced,static_c6,Static c=6,250.0,2.0,0.06479340736022113,0.0,6.0,0.0
repeated_spikes,Repeated spikes,balanced,Balanced,dynamic,Dynamic - Balanced,10.0,2.0,0.1926856506511609,0.015400496958749715,2.0,0.007422507157788329
repeated_spikes,Repeated spikes,balanced,Balanced,dynamic,Dynamic - Balanced,20.0,2.0,0.26745722455814513,0.12173647895414545,1.63,0.056911823425820046
repeated_spikes,Repeated spikes,balanced,Balanced,dynamic,Dynamic - Balanced,30.0,2.0,0.3032649879579646,0.13578104485685444,1.43,0.06584226874137995
repeated_spikes,Repeated spikes,balanced,Balanced,dynamic,Dynamic - Balanced,40.0,2.0,0.343919532327662,0.16511954244741486,1.24,0.079030209919761
repeated_spikes,Repeated spikes,balanced,Balanced,dynamic,Dynamic - Balanced,50,2.0,0.35090970645319913,0.18617660960710666,1.21,0.08749831809151784
repeated_spikes,Repeated spikes,balanced,Balanced,dynamic,Dynamic - Balanced,60.0,15.0,0.9906204139569459,46.43441816132884,1.14,3.0743302298480044
repeated_spikes,Repeated spikes,balanced,Balanced,dynamic,Dynamic - Balanced,70.0,15.0,1.0,113.47841067724934,2.07,7.630731716416112
repeated_spikes,Repeated spikes,balanced,Balanced,dynamic,Dynamic - Balanced,80.0,15.0,0.9996858925645904,157.1852801910988,2.14,10.441252241114066
repeated_spikes,Repeated spikes,balanced,Balanced,dynamic,Dynamic - Balanced,90,15.0,0.993138049684551,177.48279921315105,3.07,11.787815061715207
repeated_spikes,Repeated spikes,balanced,Balanced,dynamic,Dynamic - Balanced,100.0,3.0,0.8898737624380256,121.79453341058611,3.14,11.589766150148526
repeated_spikes,Repeated spikes,balanced,Balanced,dynamic,Dynamic - Balanced,110.0,3.0,0.5126589447905507,24.248098211224768,3.9,7.282918850811727
repeated_spikes,Repeated spikes,balanced,Balanced,dynamic,Dynamic - Balanced,120.0,3.0,0.17644285570797552,0.673622096613447,3.89,0.5280540996343178
repeated_spikes,Repeated spikes,balanced,Balanced,dynamic,Dynamic - Balanced,130,3.0,0.19933244077441198,0.009033207656072222,3.09,0.0025112748309195202
repeated_spikes,Repeated spikes,balanced,Balanced,dynamic,Dynamic - Balanced,140.0,18.0,0.9680581223108949,18.445095114343868,2.93,1.0147256956344153
repeated_spikes,Repeated spikes,balanced,Balanced,dynamic,Dynamic - Balanced,150.0,18.0,0.9776654504704722,32.81348236251848,3.75,1.8199822197316604
repeated_spikes,Repeated spikes,balanced,Balanced,dynamic,Dynamic - Balanced,160.0,18.0,0.9525485534109422,31.607366691887847,3.93,1.734342660583842
repeated_spikes,Repeated spikes,balanced,Balanced,dynamic,Dynamic - Balanced,170.0,18.0,0.8173824305983617,21.602150037899357,4.69,1.2474739552771918
repeated_spikes,Repeated spikes,balanced,Balanced,dynamic,Dynamic - Balanced,180.0,2.0,0.4883843094930694,15.004413844295879,4.91,0.9847958087933578
repeated_spikes,Repeated spikes,balanced,Balanced,dynamic,Dynamic - Balanced,190.0,2.0,0.11421472244836073,1.7882980866728821,4.93,0.5843955274697826
repeated_spikes,Repeated spikes,balanced,Balanced,dynamic,Dynamic - Balanced,200.0,2.0,0.09673027769916967,0.0,4.06,0.0
repeated_spikes,Repeated spikes,balanced,Balanced,dynamic,Dynamic - Balanced,210.0,2.0,0.10175766946136991,0.00018448892493077548,4.01,7.188719067963362e-05
repeated_spikes,Repeated spikes,balanced,Balanced,dynamic,Dynamic - Balanced,220.0,2.0,0.13453400872564944,0.0031318352885068347,3.08,0.0013385663198312483
repeated_spikes,Repeated spikes,balanced,Balanced,dynamic,Dynamic - Balanced,230.0,2.0,0.12831704258750495,0.00120337732506826,3.02,0.0004557295152852998
repeated_spikes,Repeated spikes,balanced,Balanced,dynamic,Dynamic - Balanced,240.0,2.0,0.18796598346134413,0.012931136721146404,2.22,0.0059306619542954745
repeated_spikes,Repeated spikes,balanced,Balanced,dynamic,Dynamic - Balanced,250.0,2.0,0.1916024066500057,0.012280028696385106,2.07,0.006364128036488791
repeated_spikes,Repeated spikes,aggressive,Aggressive,static_c2,Static c=2,10.0,2.0,0.1926856506511609,0.015400496958749715,2.0,0.007422507157788329
repeated_spikes,Repeated spikes,aggressive,Aggressive,static_c2,Static c=2,20.0,2.0,0.19325923630118994,0.016868008584709125,2.0,0.007921992574731404
repeated_spikes,Repeated spikes,aggressive,Aggressive,static_c2,Static c=2,30.0,2.0,0.20102390886658228,0.021902459789120914,2.0,0.0095916053030133
repeated_spikes,Repeated spikes,aggressive,Aggressive,static_c2,Static c=2,40.0,2.0,0.19969450521547208,0.014947356807062565,2.0,0.006619008496918389
repeated_spikes,Repeated spikes,aggressive,Aggressive,static_c2,Static c=2,50,2.0,0.20979506199181877,0.017973395412790527,2.0,0.008672633858067446
repeated_spikes,Repeated spikes,aggressive,Aggressive,static_c2,Static c=2,60.0,15.0,0.9778223220297645,24.736752185036163,2.0,1.6452380428755498
repeated_spikes,Repeated spikes,aggressive,Aggressive,static_c2,Static c=2,70.0,15.0,1.0,72.19482883048445,2.0,4.867814811021426
repeated_spikes,Repeated spikes,aggressive,Aggressive,static_c2,Static c=2,80.0,15.0,1.0,120.74869957487783,2.0,8.007305334464228
repeated_spikes,Repeated spikes,aggressive,Aggressive,static_c2,Static c=2,90,15.0,1.0,170.2258411420315,2.0,11.41202419861361
repeated_spikes,Repeated spikes,aggressive,Aggressive,static_c2,Static c=2,100.0,3.0,1.0,160.77738511562177,2.0,14.67267592495916
repeated_spikes,Repeated spikes,aggressive,Aggressive,static_c2,Static c=2,110.0,3.0,0.9925992273878274,91.04304059514807,2.0,17.171082439443424
repeated_spikes,Repeated spikes,aggressive,Aggressive,static_c2,Static c=2,120.0,3.0,0.7714944277351856,28.995654236328534,2.0,9.818869946477013
repeated_spikes,Repeated spikes,aggressive,Aggressive,static_c2,Static c=2,130,3.0,0.39623308479468344,2.3399845156426577,2.0,1.111685503249152
repeated_spikes,Repeated spikes,aggressive,Aggressive,static_c2,Static c=2,140.0,18.0,0.9887748277465751,40.70539378020454,2.0,2.226504912112782
repeated_spikes,Repeated spikes,aggressive,Aggressive,static_c2,Static c=2,150.0,18.0,1.0,121.73846046401133,2.0,6.698343211360608
repeated_spikes,Repeated spikes,aggressive,Aggressive,static_c2,Static c=2,160.0,18.0,1.0,202.3877381771884,2.0,11.237432143428553
repeated_spikes,Repeated spikes,aggressive,Aggressive,static_c2,Static c=2,170.0,18.0,1.0,283.475233804882,2.0,15.707394416608695
repeated_spikes,Repeated spikes,aggressive,Aggressive,static_c2,Static c=2,180.0,2.0,1.0,343.21114351471095,2.0,20.132434439434785
repeated_spikes,Repeated spikes,aggressive,Aggressive,static_c2,Static c=2,190.0,2.0,1.0,282.162538325562,2.0,24.483763249990346
repeated_spikes,Repeated spikes,aggressive,Aggressive,static_c2,Static c=2,200.0,2.0,1.0,202.24546226452512,2.0,28.94036851059213
repeated_spikes,Repeated spikes,aggressive,Aggressive,static_c2,Static c=2,210.0,2.0,0.9928317571348418,121.83312222035076,2.0,32.23876946830091
repeated_spikes,Repeated spikes,aggressive,Aggressive,static_c2,Static c=2,220.0,2.0,0.8623906125435231,46.76915586632514,2.0,21.74168980191991
repeated_spikes,Repeated spikes,aggressive,Aggressive,static_c2,Static c=2,230.0,2.0,0.37399372487856214,4.8890073206888465,2.0,3.522022235471295
repeated_spikes,Repeated spikes,aggressive,Aggressive,static_c2,Static c=2,240.0,2.0,0.2017484282733467,0.09307050317362836,2.0,0.07994719169759619
repeated_spikes,Repeated spikes,aggressive,Aggressive,static_c2,Static c=2,250.0,2.0,0.20765222244160214,0.01643382047236253,2.0,0.0070760427235476734
repeated_spikes,Repeated spikes,aggressive,Aggressive,static_c6,Static c=6,10.0,2.0,0.06587553287369496,0.0,6.0,0.0
repeated_spikes,Repeated spikes,aggressive,Aggressive,static_c6,Static c=6,20.0,2.0,0.06591745838545396,0.0,6.0,0.0
repeated_spikes,Repeated spikes,aggressive,Aggressive,static_c6,Static c=6,30.0,2.0,0.06697871406363035,0.0,6.0,0.0
repeated_spikes,Repeated spikes,aggressive,Aggressive,static_c6,Static c=6,40.0,2.0,0.06845263619358423,0.0,6.0,0.0
repeated_spikes,Repeated spikes,aggressive,Aggressive,static_c6,Static c=6,50,2.0,0.0708206449199408,0.0,6.0,0.0
repeated_spikes,Repeated spikes,aggressive,Aggressive,static_c6,Static c=6,60.0,15.0,0.4830176339598406,0.08195761640591989,6.0,0.005270121662870924
repeated_spikes,Repeated spikes,aggressive,Aggressive,static_c6,Static c=6,70.0,15.0,0.49439589235650694,0.08358794820092832,6.0,0.005473941255490038
repeated_spikes,Repeated spikes,aggressive,Aggressive,static_c6,Static c=6,80.0,15.0,0.5005185065489549,0.1073960272363081,6.0,0.007042387243853711
repeated_spikes,Repeated spikes,aggressive,Aggressive,static_c6,Static c=6,90,15.0,0.5007175381575276,0.09885686572364859,6.0,0.006458898245795715
repeated_spikes,Repeated spikes,aggressive,Aggressive,static_c6,Static c=6,100.0,3.0,0.110181395112741,0.00016815539112197085,6.0,0.0001397847361930231
repeated_spikes,Repeated spikes,aggressive,Aggressive,static_c6,Static c=6,110.0,3.0,0.09800720152620844,0.0,6.0,0.0
repeated_spikes,Repeated spikes,aggressive,Aggressive,static_c6,Static c=6,120.0,3.0,0.10071857389416315,0.0,6.0,0.0
repeated_spikes,Repeated spikes,aggressive,Aggressive,static_c6,Static c=6,130,3.0,0.09891248799982083,0.0,6.0,0.0
repeated_spikes,Repeated spikes,aggressive,Aggressive,static_c6,Static c=6,140.0,18.0,0.5942152040947138,0.27723619639016417,6.0,0.014616388312603347
repeated_spikes,Repeated spikes,aggressive,Aggressive,static_c6,Static c=6,150.0,18.0,0.6074970860110901,0.34695981358413214,6.0,0.01875266290241139
repeated_spikes,Repeated spikes,aggressive,Aggressive,static_c6,Static c=6,160.0,18.0,0.5959854317491949,0.2909650299721098,6.0,0.015633961434502255
repeated_spikes,Repeated spikes,aggressive,Aggressive,static_c6,Static c=6,170.0,18.0,0.6061478655307063,0.2793894588277006,6.0,0.015267475877685354
repeated_spikes,Repeated spikes,aggressive,Aggressive,static_c6,Static c=6,180.0,2.0,0.3449300362354665,0.14313344851117024,6.0,0.013718941171243053
repeated_spikes,Repeated spikes,aggressive,Aggressive,static_c6,Static c=6,190.0,2.0,0.06686451027105435,0.0,6.0,0.0
repeated_spikes,Repeated spikes,aggressive,Aggressive,static_c6,Static c=6,200.0,2.0,0.06479304836039708,0.0,6.0,0.0
repeated_spikes,Repeated spikes,aggressive,Aggressive,static_c6,Static c=6,210.0,2.0,0.06803060006379492,0.0,6.0,0.0
repeated_spikes,Repeated spikes,aggressive,Aggressive,static_c6,Static c=6,220.0,2.0,0.06848426728465923,0.0,6.0,0.0
repeated_spikes,Repeated spikes,aggressive,Aggressive,static_c6,Static c=6,230.0,2.0,0.06595544083681584,0.0,6.0,0.0
repeated_spikes,Repeated spikes,aggressive,Aggressive,static_c6,Static c=6,240.0,2.0,0.06806098156877938,0.0,6.0,0.0
repeated_spikes,Repeated spikes,aggressive,Aggressive,static_c6,Static c=6,250.0,2.0,0.06479340736022113,0.0,6.0,0.0
repeated_spikes,Repeated spikes,aggressive,Aggressive,dynamic,Dynamic - Aggressive,10.0,2.0,0.1926856506511609,0.015400496958749715,2.0,0.007422507157788329
repeated_spikes,Repeated spikes,aggressive,Aggressive,dynamic,Dynamic - Aggressive,20.0,2.0,0.26693090108823225,0.12102245157443553,1.64,0.0564560271106796
repeated_spikes,Repeated spikes,aggressive,Aggressive,dynamic,Dynamic - Aggressive,30.0,2.0,0.30118257348915806,0.13105920360823606,1.45,0.06301004773749655
repeated_spikes,Repeated spikes,aggressive,Aggressive,dynamic,Dynamic - Aggressive,40.0,2.0,0.3368637432994453,0.15946306188534,1.28,0.07581076373458054
repeated_spikes,Repeated spikes,aggressive,Aggressive,dynamic,Dynamic - Aggressive,50,2.0,0.3425836660535836,0.1782874171003386,1.25,0.08442350854392736
repeated_spikes,Repeated spikes,aggressive,Aggressive,dynamic,Dynamic - Aggressive,60.0,15.0,0.9896766224386252,44.7876125068089,1.21,2.953052144278769
repeated_spikes,Repeated spikes,aggressive,Aggressive,dynamic,Dynamic - Aggressive,70.0,15.0,1.0,106.95284410558783,2.21,7.193553178987786
repeated_spikes,Repeated spikes,aggressive,Aggressive,dynamic,Dynamic - Aggressive,80.0,15.0,0.9902458989640731,121.04932904179168,3.21,7.9993491997030866
repeated_spikes,Repeated spikes,aggressive,Aggressive,dynamic,Dynamic - Aggressive,90,15.0,0.927387903049119,94.87897638692331,4.21,6.292948042796747
repeated_spikes,Repeated spikes,aggressive,Aggressive,dynamic,Dynamic - Aggressive,100.0,3.0,0.43808715095739814,19.256089657770282,5.07,3.160908730903953
repeated_spikes,Repeated spikes,aggressive,Aggressive,dynamic,Dynamic - Aggressive,110.0,3.0,0.11230574378198561,7.815076262924947e-05,5.42,1.1744495462360712e-05
repeated_spikes,Repeated spikes,aggressive,Aggressive,dynamic,Dynamic - Aggressive,120.0,3.0,0.14286057927758558,0.00042406462918761177,4.44,0.00014768621344614328
repeated_spikes,Repeated spikes,aggressive,Aggressive,dynamic,Dynamic - Aggressive,130,3.0,0.17509837947173504,0.005065167153766667,3.53,0.0014625791417896858
repeated_spikes,Repeated spikes,aggressive,Aggressive,dynamic,Dynamic - Aggressive,140.0,18.0,0.9687859405781868,23.64964694055956,2.75,1.2622328635645415
repeated_spikes,Repeated spikes,aggressive,Aggressive,dynamic,Dynamic - Aggressive,150.0,18.0,0.9670544672640317,44.42344113239552,3.75,2.446338086428046
repeated_spikes,Repeated spikes,aggressive,Aggressive,dynamic,Dynamic - Aggressive,160.0,18.0,0.8489529968643481,33.35923999302197,4.73,1.870021704799485
repeated_spikes,Repeated spikes,aggressive,Aggressive,dynamic,Dynamic - Aggressive,170.0,18.0,0.7157942923849255,17.218925217232396,5.63,0.9594758236401922
repeated_spikes,Repeated spikes,aggressive,Aggressive,dynamic,Dynamic - Aggressive,180.0,2.0,0.37512853255593565,3.244315334779751,5.99,0.27991425204365555
repeated_spikes,Repeated spikes,aggressive,Aggressive,dynamic,Dynamic - Aggressive,190.0,2.0,0.06898507491504052,0.01768701726130993,6.06,0.03519029767677261
repeated_spikes,Repeated spikes,aggressive,Aggressive,dynamic,Dynamic - Aggressive,200.0,2.0,0.076009694584128,0.0,5.07,0.0
repeated_spikes,Repeated spikes,aggressive,Aggressive,dynamic,Dynamic - Aggressive,210.0,2.0,0.10354738220661125,9.083799242486635e-05,4.07,3.0026439337668313e-05
repeated_spikes,Repeated spikes,aggressive,Aggressive,dynamic,Dynamic - Aggressive,220.0,2.0,0.13311770097310505,0.0016973633033675807,3.11,0.0009515281064274211
repeated_spikes,Repeated spikes,aggressive,Aggressive,dynamic,Dynamic - Aggressive,230.0,2.0,0.1749683324856799,0.01216815715783235,2.27,0.0052960488666388686
repeated_spikes,Repeated spikes,aggressive,Aggressive,dynamic,Dynamic - Aggressive,240.0,2.0,0.27526436713221775,0.11440986430580014,1.68,0.05233095302519063
repeated_spikes,Repeated spikes,aggressive,Aggressive,dynamic,Dynamic - Aggressive,250.0,2.0,0.3286682751976817,0.21198443172781214,1.4,0.0906821074436143
repeated_spikes,Repeated spikes,conservative,Conservative,static_c2,Static c=2,10.0,2.0,0.1926856506511609,0.015400496958749715,2.0,0.007422507157788329
repeated_spikes,Repeated spikes,conservative,Conservative,static_c2,Static c=2,20.0,2.0,0.19325923630118994,0.016868008584709125,2.0,0.007921992574731404
repeated_spikes,Repeated spikes,conservative,Conservative,static_c2,Static c=2,30.0,2.0,0.20102390886658228,0.021902459789120914,2.0,0.0095916053030133
repeated_spikes,Repeated spikes,conservative,Conservative,static_c2,Static c=2,40.0,2.0,0.19969450521547208,0.014947356807062565,2.0,0.006619008496918389
repeated_spikes,Repeated spikes,conservative,Conservative,static_c2,Static c=2,50,2.0,0.20979506199181877,0.017973395412790527,2.0,0.008672633858067446
repeated_spikes,Repeated spikes,conservative,Conservative,static_c2,Static c=2,60.0,15.0,0.9778223220297645,24.736752185036163,2.0,1.6452380428755498
repeated_spikes,Repeated spikes,conservative,Conservative,static_c2,Static c=2,70.0,15.0,1.0,72.19482883048445,2.0,4.867814811021426
repeated_spikes,Repeated spikes,conservative,Conservative,static_c2,Static c=2,80.0,15.0,1.0,120.74869957487783,2.0,8.007305334464228
repeated_spikes,Repeated spikes,conservative,Conservative,static_c2,Static c=2,90,15.0,1.0,170.2258411420315,2.0,11.41202419861361
repeated_spikes,Repeated spikes,conservative,Conservative,static_c2,Static c=2,100.0,3.0,1.0,160.77738511562177,2.0,14.67267592495916
repeated_spikes,Repeated spikes,conservative,Conservative,static_c2,Static c=2,110.0,3.0,0.9925992273878274,91.04304059514807,2.0,17.171082439443424
repeated_spikes,Repeated spikes,conservative,Conservative,static_c2,Static c=2,120.0,3.0,0.7714944277351856,28.995654236328534,2.0,9.818869946477013
repeated_spikes,Repeated spikes,conservative,Conservative,static_c2,Static c=2,130,3.0,0.39623308479468344,2.3399845156426577,2.0,1.111685503249152
repeated_spikes,Repeated spikes,conservative,Conservative,static_c2,Static c=2,140.0,18.0,0.9887748277465751,40.70539378020454,2.0,2.226504912112782
repeated_spikes,Repeated spikes,conservative,Conservative,static_c2,Static c=2,150.0,18.0,1.0,121.73846046401133,2.0,6.698343211360608
repeated_spikes,Repeated spikes,conservative,Conservative,static_c2,Static c=2,160.0,18.0,1.0,202.3877381771884,2.0,11.237432143428553
repeated_spikes,Repeated spikes,conservative,Conservative,static_c2,Static c=2,170.0,18.0,1.0,283.475233804882,2.0,15.707394416608695
repeated_spikes,Repeated spikes,conservative,Conservative,static_c2,Static c=2,180.0,2.0,1.0,343.21114351471095,2.0,20.132434439434785
repeated_spikes,Repeated spikes,conservative,Conservative,static_c2,Static c=2,190.0,2.0,1.0,282.162538325562,2.0,24.483763249990346
repeated_spikes,Repeated spikes,conservative,Conservative,static_c2,Static c=2,200.0,2.0,1.0,202.24546226452512,2.0,28.94036851059213
repeated_spikes,Repeated spikes,conservative,Conservative,static_c2,Static c=2,210.0,2.0,0.9928317571348418,121.83312222035076,2.0,32.23876946830091
repeated_spikes,Repeated spikes,conservative,Conservative,static_c2,Static c=2,220.0,2.0,0.8623906125435231,46.76915586632514,2.0,21.74168980191991
repeated_spikes,Repeated spikes,conservative,Conservative,static_c2,Static c=2,230.0,2.0,0.37399372487856214,4.8890073206888465,2.0,3.522022235471295
repeated_spikes,Repeated spikes,conservative,Conservative,static_c2,Static c=2,240.0,2.0,0.2017484282733467,0.09307050317362836,2.0,0.07994719169759619
repeated_spikes,Repeated spikes,conservative,Conservative,static_c2,Static c=2,250.0,2.0,0.20765222244160214,0.01643382047236253,2.0,0.0070760427235476734
repeated_spikes,Repeated spikes,conservative,Conservative,static_c6,Static c=6,10.0,2.0,0.06587553287369496,0.0,6.0,0.0
repeated_spikes,Repeated spikes,conservative,Conservative,static_c6,Static c=6,20.0,2.0,0.06591745838545396,0.0,6.0,0.0
repeated_spikes,Repeated spikes,conservative,Conservative,static_c6,Static c=6,30.0,2.0,0.06697871406363035,0.0,6.0,0.0
repeated_spikes,Repeated spikes,conservative,Conservative,static_c6,Static c=6,40.0,2.0,0.06845263619358423,0.0,6.0,0.0
repeated_spikes,Repeated spikes,conservative,Conservative,static_c6,Static c=6,50,2.0,0.0708206449199408,0.0,6.0,0.0
repeated_spikes,Repeated spikes,conservative,Conservative,static_c6,Static c=6,60.0,15.0,0.4830176339598406,0.08195761640591989,6.0,0.005270121662870924
repeated_spikes,Repeated spikes,conservative,Conservative,static_c6,Static c=6,70.0,15.0,0.49439589235650694,0.08358794820092832,6.0,0.005473941255490038
repeated_spikes,Repeated spikes,conservative,Conservative,static_c6,Static c=6,80.0,15.0,0.5005185065489549,0.1073960272363081,6.0,0.007042387243853711
repeated_spikes,Repeated spikes,conservative,Conservative,static_c6,Static c=6,90,15.0,0.5007175381575276,0.09885686572364859,6.0,0.006458898245795715
repeated_spikes,Repeated spikes,conservative,Conservative,static_c6,Static c=6,100.0,3.0,0.110181395112741,0.00016815539112197085,6.0,0.0001397847361930231
repeated_spikes,Repeated spikes,conservative,Conservative,static_c6,Static c=6,110.0,3.0,0.09800720152620844,0.0,6.0,0.0
repeated_spikes,Repeated spikes,conservative,Conservative,static_c6,Static c=6,120.0,3.0,0.10071857389416315,0.0,6.0,0.0
repeated_spikes,Repeated spikes,conservative,Conservative,static_c6,Static c=6,130,3.0,0.09891248799982083,0.0,6.0,0.0
repeated_spikes,Repeated spikes,conservative,Conservative,static_c6,Static c=6,140.0,18.0,0.5942152040947138,0.27723619639016417,6.0,0.014616388312603347
repeated_spikes,Repeated spikes,conservative,Conservative,static_c6,Static c=6,150.0,18.0,0.6074970860110901,0.34695981358413214,6.0,0.01875266290241139
repeated_spikes,Repeated spikes,conservative,Conservative,static_c6,Static c=6,160.0,18.0,0.5959854317491949,0.2909650299721098,6.0,0.015633961434502255
repeated_spikes,Repeated spikes,conservative,Conservative,static_c6,Static c=6,170.0,18.0,0.6061478655307063,0.2793894588277006,6.0,0.015267475877685354
repeated_spikes,Repeated spikes,conservative,Conservative,static_c6,Static c=6,180.0,2.0,0.3449300362354665,0.14313344851117024,6.0,0.013718941171243053
repeated_spikes,Repeated spikes,conservative,Conservative,static_c6,Static c=6,190.0,2.0,0.06686451027105435,0.0,6.0,0.0
repeated_spikes,Repeated spikes,conservative,Conservative,static_c6,Static c=6,200.0,2.0,0.06479304836039708,0.0,6.0,0.0
repeated_spikes,Repeated spikes,conservative,Conservative,static_c6,Static c=6,210.0,2.0,0.06803060006379492,0.0,6.0,0.0
repeated_spikes,Repeated spikes,conservative,Conservative,static_c6,Static c=6,220.0,2.0,0.06848426728465923,0.0,6.0,0.0
repeated_spikes,Repeated spikes,conservative,Conservative,static_c6,Static c=6,230.0,2.0,0.06595544083681584,0.0,6.0,0.0
repeated_spikes,Repeated spikes,conservative,Conservative,static_c6,Static c=6,240.0,2.0,0.06806098156877938,0.0,6.0,0.0
repeated_spikes,Repeated spikes,conservative,Conservative,static_c6,Static c=6,250.0,2.0,0.06479340736022113,0.0,6.0,0.0
repeated_spikes,Repeated spikes,conservative,Conservative,dynamic,Dynamic - Conservative,10.0,2.0,0.1926856506511609,0.015400496958749715,2.0,0.007422507157788329
repeated_spikes,Repeated spikes,conservative,Conservative,dynamic,Dynamic - Conservative,20.0,2.0,0.25052872622890926,0.10550848624842002,1.71,0.04935869507233098
repeated_spikes,Repeated spikes,conservative,Conservative,dynamic,Dynamic - Conservative,30.0,2.0,0.2864222378600824,0.11843426650174177,1.53,0.05747831791164109
repeated_spikes,Repeated spikes,conservative,Conservative,dynamic,Dynamic - Conservative,40.0,2.0,0.3324015260555538,0.15389932881608087,1.31,0.07367298912551387
repeated_spikes,Repeated spikes,conservative,Conservative,dynamic,Dynamic - Conservative,50,2.0,0.33691965034740284,0.16974191206380007,1.28,0.08017389593360662
repeated_spikes,Repeated spikes,conservative,Conservative,dynamic,Dynamic - Conservative,60.0,15.0,0.990245313084416,44.453829371428675,1.24,2.922520955264225
repeated_spikes,Repeated spikes,conservative,Conservative,dynamic,Dynamic - Conservative,70.0,15.0,1.0,107.84455749420509,2.17,7.255739957315471
repeated_spikes,Repeated spikes,conservative,Conservative,dynamic,Dynamic - Conservative,80.0,15.0,0.9996858925645904,147.82953113955352,2.2,9.820291798941652
repeated_spikes,Repeated spikes,conservative,Conservative,dynamic,Dynamic - Conservative,90,15.0,0.9991027774143001,187.38316518603676,2.24,12.461938050466461
repeated_spikes,Repeated spikes,conservative,Conservative,dynamic,Dynamic - Conservative,100.0,3.0,0.8689351294273544,150.97567114896955,3.17,13.451316520682026
repeated_spikes,Repeated spikes,conservative,Conservative,dynamic,Dynamic - Conservative,110.0,3.0,0.7259175284627318,61.439770006536676,3.2,11.39194499787964
repeated_spikes,Repeated spikes,conservative,Conservative,dynamic,Dynamic - Conservative,120.0,3.0,0.35504582066921353,10.211203452795392,3.24,3.3377193108514263
repeated_spikes,Repeated spikes,conservative,Conservative,dynamic,Dynamic - Conservative,130,3.0,0.23440365188527154,1.2609225115319085,2.98,0.5284454675332512
repeated_spikes,Repeated spikes,conservative,Conservative,dynamic,Dynamic - Conservative,140.0,18.0,0.9694681047033304,24.57980247159654,2.68,1.33851200977234
repeated_spikes,Repeated spikes,conservative,Conservative,dynamic,Dynamic - Conservative,150.0,18.0,0.9834572819766177,63.69946023284752,3.06,3.509599779963503
repeated_spikes,Repeated spikes,conservative,Conservative,dynamic,Dynamic - Conservative,160.0,18.0,0.9718955815763722,90.81054218504791,3.37,5.023616607048912
repeated_spikes,Repeated spikes,conservative,Conservative,dynamic,Dynamic - Conservative,170.0,18.0,0.9526258687551611,101.92584589459958,3.68,5.628726282128417
repeated_spikes,Repeated spikes,conservative,Conservative,dynamic,Dynamic - Conservative,180.0,2.0,0.720064494421577,96.29813060507666,3.9,5.889941853664684
repeated_spikes,Repeated spikes,conservative,Conservative,dynamic,Dynamic - Conservative,190.0,2.0,0.40160688190221094,47.935901503480544,4.04,5.704364291671603
repeated_spikes,Repeated spikes,conservative,Conservative,dynamic,Dynamic - Conservative,200.0,2.0,0.23434435433273534,6.796355072224152,3.93,3.4006628229379032
repeated_spikes,Repeated spikes,conservative,Conservative,dynamic,Dynamic - Conservative,210.0,2.0,0.11054754475759349,0.0025430715435963975,3.7,0.0015317071324863923
repeated_spikes,Repeated spikes,conservative,Conservative,dynamic,Dynamic - Conservative,220.0,2.0,0.11467259999989084,0.0009628918856536189,3.56,0.00043181867610266435
repeated_spikes,Repeated spikes,conservative,Conservative,dynamic,Dynamic - Conservative,230.0,2.0,0.13937121333567032,0.004846416014931321,3.02,0.0022363389050437978
repeated_spikes,Repeated spikes,conservative,Conservative,dynamic,Dynamic - Conservative,240.0,2.0,0.15222911102343314,0.007053493076834968,2.73,0.0031656944080566962
repeated_spikes,Repeated spikes,conservative,Conservative,dynamic,Dynamic - Conservative,250.0,2.0,0.1642196099736692,0.005767164814845076,2.6,0.0027151725601276926
repeated_spikes,Repeated spikes,queue_priority,Queue-priority,static_c2,Static c=2,10.0,2.0,0.1926856506511609,0.015400496958749715,2.0,0.007422507157788329
repeated_spikes,Repeated spikes,queue_priority,Queue-priority,static_c2,Static c=2,20.0,2.0,0.19325923630118994,0.016868008584709125,2.0,0.007921992574731404
repeated_spikes,Repeated spikes,queue_priority,Queue-priority,static_c2,Static c=2,30.0,2.0,0.20102390886658228,0.021902459789120914,2.0,0.0095916053030133
repeated_spikes,Repeated spikes,queue_priority,Queue-priority,static_c2,Static c=2,40.0,2.0,0.19969450521547208,0.014947356807062565,2.0,0.006619008496918389
repeated_spikes,Repeated spikes,queue_priority,Queue-priority,static_c2,Static c=2,50,2.0,0.20979506199181877,0.017973395412790527,2.0,0.008672633858067446
repeated_spikes,Repeated spikes,queue_priority,Queue-priority,static_c2,Static c=2,60.0,15.0,0.9778223220297645,24.736752185036163,2.0,1.6452380428755498
repeated_spikes,Repeated spikes,queue_priority,Queue-priority,static_c2,Static c=2,70.0,15.0,1.0,72.19482883048445,2.0,4.867814811021426
repeated_spikes,Repeated spikes,queue_priority,Queue-priority,static_c2,Static c=2,80.0,15.0,1.0,120.74869957487783,2.0,8.007305334464228
repeated_spikes,Repeated spikes,queue_priority,Queue-priority,static_c2,Static c=2,90,15.0,1.0,170.2258411420315,2.0,11.41202419861361
repeated_spikes,Repeated spikes,queue_priority,Queue-priority,static_c2,Static c=2,100.0,3.0,1.0,160.77738511562177,2.0,14.67267592495916
repeated_spikes,Repeated spikes,queue_priority,Queue-priority,static_c2,Static c=2,110.0,3.0,0.9925992273878274,91.04304059514807,2.0,17.171082439443424
repeated_spikes,Repeated spikes,queue_priority,Queue-priority,static_c2,Static c=2,120.0,3.0,0.7714944277351856,28.995654236328534,2.0,9.818869946477013
repeated_spikes,Repeated spikes,queue_priority,Queue-priority,static_c2,Static c=2,130,3.0,0.39623308479468344,2.3399845156426577,2.0,1.111685503249152
repeated_spikes,Repeated spikes,queue_priority,Queue-priority,static_c2,Static c=2,140.0,18.0,0.9887748277465751,40.70539378020454,2.0,2.226504912112782
repeated_spikes,Repeated spikes,queue_priority,Queue-priority,static_c2,Static c=2,150.0,18.0,1.0,121.73846046401133,2.0,6.698343211360608
repeated_spikes,Repeated spikes,queue_priority,Queue-priority,static_c2,Static c=2,160.0,18.0,1.0,202.3877381771884,2.0,11.237432143428553
repeated_spikes,Repeated spikes,queue_priority,Queue-priority,static_c2,Static c=2,170.0,18.0,1.0,283.475233804882,2.0,15.707394416608695
repeated_spikes,Repeated spikes,queue_priority,Queue-priority,static_c2,Static c=2,180.0,2.0,1.0,343.21114351471095,2.0,20.132434439434785
repeated_spikes,Repeated spikes,queue_priority,Queue-priority,static_c2,Static c=2,190.0,2.0,1.0,282.162538325562,2.0,24.483763249990346
repeated_spikes,Repeated spikes,queue_priority,Queue-priority,static_c2,Static c=2,200.0,2.0,1.0,202.24546226452512,2.0,28.94036851059213
repeated_spikes,Repeated spikes,queue_priority,Queue-priority,static_c2,Static c=2,210.0,2.0,0.9928317571348418,121.83312222035076,2.0,32.23876946830091
repeated_spikes,Repeated spikes,queue_priority,Queue-priority,static_c2,Static c=2,220.0,2.0,0.8623906125435231,46.76915586632514,2.0,21.74168980191991
repeated_spikes,Repeated spikes,queue_priority,Queue-priority,static_c2,Static c=2,230.0,2.0,0.37399372487856214,4.8890073206888465,2.0,3.522022235471295
repeated_spikes,Repeated spikes,queue_priority,Queue-priority,static_c2,Static c=2,240.0,2.0,0.2017484282733467,0.09307050317362836,2.0,0.07994719169759619
repeated_spikes,Repeated spikes,queue_priority,Queue-priority,static_c2,Static c=2,250.0,2.0,0.20765222244160214,0.01643382047236253,2.0,0.0070760427235476734
repeated_spikes,Repeated spikes,queue_priority,Queue-priority,static_c6,Static c=6,10.0,2.0,0.06587553287369496,0.0,6.0,0.0
repeated_spikes,Repeated spikes,queue_priority,Queue-priority,static_c6,Static c=6,20.0,2.0,0.06591745838545396,0.0,6.0,0.0
repeated_spikes,Repeated spikes,queue_priority,Queue-priority,static_c6,Static c=6,30.0,2.0,0.06697871406363035,0.0,6.0,0.0
repeated_spikes,Repeated spikes,queue_priority,Queue-priority,static_c6,Static c=6,40.0,2.0,0.06845263619358423,0.0,6.0,0.0
repeated_spikes,Repeated spikes,queue_priority,Queue-priority,static_c6,Static c=6,50,2.0,0.0708206449199408,0.0,6.0,0.0
repeated_spikes,Repeated spikes,queue_priority,Queue-priority,static_c6,Static c=6,60.0,15.0,0.4830176339598406,0.08195761640591989,6.0,0.005270121662870924
repeated_spikes,Repeated spikes,queue_priority,Queue-priority,static_c6,Static c=6,70.0,15.0,0.49439589235650694,0.08358794820092832,6.0,0.005473941255490038
repeated_spikes,Repeated spikes,queue_priority,Queue-priority,static_c6,Static c=6,80.0,15.0,0.5005185065489549,0.1073960272363081,6.0,0.007042387243853711
repeated_spikes,Repeated spikes,queue_priority,Queue-priority,static_c6,Static c=6,90,15.0,0.5007175381575276,0.09885686572364859,6.0,0.006458898245795715
repeated_spikes,Repeated spikes,queue_priority,Queue-priority,static_c6,Static c=6,100.0,3.0,0.110181395112741,0.00016815539112197085,6.0,0.0001397847361930231
repeated_spikes,Repeated spikes,queue_priority,Queue-priority,static_c6,Static c=6,110.0,3.0,0.09800720152620844,0.0,6.0,0.0
repeated_spikes,Repeated spikes,queue_priority,Queue-priority,static_c6,Static c=6,120.0,3.0,0.10071857389416315,0.0,6.0,0.0
repeated_spikes,Repeated spikes,queue_priority,Queue-priority,static_c6,Static c=6,130,3.0,0.09891248799982083,0.0,6.0,0.0
repeated_spikes,Repeated spikes,queue_priority,Queue-priority,static_c6,Static c=6,140.0,18.0,0.5942152040947138,0.27723619639016417,6.0,0.014616388312603347
repeated_spikes,Repeated spikes,queue_priority,Queue-priority,static_c6,Static c=6,150.0,18.0,0.6074970860110901,0.34695981358413214,6.0,0.01875266290241139
repeated_spikes,Repeated spikes,queue_priority,Queue-priority,static_c6,Static c=6,160.0,18.0,0.5959854317491949,0.2909650299721098,6.0,0.015633961434502255
repeated_spikes,Repeated spikes,queue_priority,Queue-priority,static_c6,Static c=6,170.0,18.0,0.6061478655307063,0.2793894588277006,6.0,0.015267475877685354
repeated_spikes,Repeated spikes,queue_priority,Queue-priority,static_c6,Static c=6,180.0,2.0,0.3449300362354665,0.14313344851117024,6.0,0.013718941171243053
repeated_spikes,Repeated spikes,queue_priority,Queue-priority,static_c6,Static c=6,190.0,2.0,0.06686451027105435,0.0,6.0,0.0
repeated_spikes,Repeated spikes,queue_priority,Queue-priority,static_c6,Static c=6,200.0,2.0,0.06479304836039708,0.0,6.0,0.0
repeated_spikes,Repeated spikes,queue_priority,Queue-priority,static_c6,Static c=6,210.0,2.0,0.06803060006379492,0.0,6.0,0.0
repeated_spikes,Repeated spikes,queue_priority,Queue-priority,static_c6,Static c=6,220.0,2.0,0.06848426728465923,0.0,6.0,0.0
repeated_spikes,Repeated spikes,queue_priority,Queue-priority,static_c6,Static c=6,230.0,2.0,0.06595544083681584,0.0,6.0,0.0
repeated_spikes,Repeated spikes,queue_priority,Queue-priority,static_c6,Static c=6,240.0,2.0,0.06806098156877938,0.0,6.0,0.0
repeated_spikes,Repeated spikes,queue_priority,Queue-priority,static_c6,Static c=6,250.0,2.0,0.06479340736022113,0.0,6.0,0.0
repeated_spikes,Repeated spikes,queue_priority,Queue-priority,dynamic,Dynamic - Queue-priority,10.0,2.0,0.1926856506511609,0.015400496958749715,2.0,0.007422507157788329
repeated_spikes,Repeated spikes,queue_priority,Queue-priority,dynamic,Dynamic - Queue-priority,20.0,2.0,0.26745722455814513,0.12173647895414545,1.63,0.056911823425820046
repeated_spikes,Repeated spikes,queue_priority,Queue-priority,dynamic,Dynamic - Queue-priority,30.0,2.0,0.3032649879579646,0.13578104485685444,1.43,0.06584226874137995
repeated_spikes,Repeated spikes,queue_priority,Queue-priority,dynamic,Dynamic - Queue-priority,40.0,2.0,0.343919532327662,0.16511954244741486,1.24,0.079030209919761
repeated_spikes,Repeated spikes,queue_priority,Queue-priority,dynamic,Dynamic - Queue-priority,50,2.0,0.35090970645319913,0.18617660960710666,1.21,0.08749831809151784
repeated_spikes,Repeated spikes,queue_priority,Queue-priority,dynamic,Dynamic - Queue-priority,60.0,15.0,0.9906204139569459,46.43441816132884,1.14,3.0743302298480044
repeated_spikes,Repeated spikes,queue_priority,Queue-priority,dynamic,Dynamic - Queue-priority,70.0,15.0,1.0,113.47841067724934,2.07,7.630731716416112
repeated_spikes,Repeated spikes,queue_priority,Queue-priority,dynamic,Dynamic - Queue-priority,80.0,15.0,0.9996858925645904,157.1852801910988,2.14,10.441252241114066
repeated_spikes,Repeated spikes,queue_priority,Queue-priority,dynamic,Dynamic - Queue-priority,90,15.0,0.993138049684551,177.48279921315105,3.07,11.787815061715207
repeated_spikes,Repeated spikes,queue_priority,Queue-priority,dynamic,Dynamic - Queue-priority,100.0,3.0,0.8898737624380256,121.79453341058611,3.14,11.589766150148526
repeated_spikes,Repeated spikes,queue_priority,Queue-priority,dynamic,Dynamic - Queue-priority,110.0,3.0,0.5123632218636586,24.248098211224768,3.91,7.282918850811727
repeated_spikes,Repeated spikes,queue_priority,Queue-priority,dynamic,Dynamic - Queue-priority,120.0,3.0,0.17550208360558162,0.673622096613447,3.91,0.5280540996343178
repeated_spikes,Repeated spikes,queue_priority,Queue-priority,dynamic,Dynamic - Queue-priority,130,3.0,0.199082975975932,0.009033207656072222,3.1,0.0025112748309195202
repeated_spikes,Repeated spikes,queue_priority,Queue-priority,dynamic,Dynamic - Queue-priority,140.0,18.0,0.9659794665120285,18.291794267890563,2.95,1.0056476532110918
repeated_spikes,Repeated spikes,queue_priority,Queue-priority,dynamic,Dynamic - Queue-priority,150.0,18.0,0.9776070566262463,32.67050055364711,3.74,1.8124973373459385
repeated_spikes,Repeated spikes,queue_priority,Queue-priority,dynamic,Dynamic - Queue-priority,160.0,18.0,0.9529441647251068,31.175012746483976,3.94,1.7124968566780574
repeated_spikes,Repeated spikes,queue_priority,Queue-priority,dynamic,Dynamic - Queue-priority,170.0,18.0,0.8329935582644525,20.72243290157698,4.58,1.2006483291854102
repeated_spikes,Repeated spikes,queue_priority,Queue-priority,dynamic,Dynamic - Queue-priority,180.0,2.0,0.4972444287575247,14.133790238329604,4.81,0.933308436351729
repeated_spikes,Repeated spikes,queue_priority,Queue-priority,dynamic,Dynamic - Queue-priority,190.0,2.0,0.11143967821860093,1.625303781728541,4.84,0.51821440563768
repeated_spikes,Repeated spikes,queue_priority,Queue-priority,dynamic,Dynamic - Queue-priority,200.0,2.0,0.10113019491615653,0.00020899119100610617,3.99,8.432304963081637e-05
repeated_spikes,Repeated spikes,queue_priority,Queue-priority,dynamic,Dynamic - Queue-priority,210.0,2.0,0.10208163538427074,0.00029120455550744846,3.96,0.00014292840293455327
repeated_spikes,Repeated spikes,queue_priority,Queue-priority,dynamic,Dynamic - Queue-priority,220.0,2.0,0.14070069815043496,0.004255667427102537,3.04,0.001818464798180619
repeated_spikes,Repeated spikes,queue_priority,Queue-priority,dynamic,Dynamic - Queue-priority,230.0,2.0,0.13305295442526488,0.0028195990198732097,2.96,0.0011941286049076754
repeated_spikes,Repeated spikes,queue_priority,Queue-priority,dynamic,Dynamic - Queue-priority,240.0,2.0,0.1834335248705447,0.013262033275143552,2.24,0.006091364464145399
repeated_spikes,Repeated spikes,queue_priority,Queue-priority,dynamic,Dynamic - Queue-priority,250.0,2.0,0.19661020287232195,0.01839296012289157,2.05,0.008690154490572479
repeated_spikes,Repeated spikes,fast_response,Fast-response,static_c2,Static c=2,10.0,2.0,0.1926856506511609,0.015400496958749715,2.0,0.007422507157788329
repeated_spikes,Repeated spikes,fast_response,Fast-response,static_c2,Static c=2,20.0,2.0,0.19325923630118994,0.016868008584709125,2.0,0.007921992574731404
repeated_spikes,Repeated spikes,fast_response,Fast-response,static_c2,Static c=2,30.0,2.0,0.20102390886658228,0.021902459789120914,2.0,0.0095916053030133
repeated_spikes,Repeated spikes,fast_response,Fast-response,static_c2,Static c=2,40.0,2.0,0.19969450521547208,0.014947356807062565,2.0,0.006619008496918389
repeated_spikes,Repeated spikes,fast_response,Fast-response,static_c2,Static c=2,50,2.0,0.20979506199181877,0.017973395412790527,2.0,0.008672633858067446
repeated_spikes,Repeated spikes,fast_response,Fast-response,static_c2,Static c=2,60.0,15.0,0.9778223220297645,24.736752185036163,2.0,1.6452380428755498
repeated_spikes,Repeated spikes,fast_response,Fast-response,static_c2,Static c=2,70.0,15.0,1.0,72.19482883048445,2.0,4.867814811021426
repeated_spikes,Repeated spikes,fast_response,Fast-response,static_c2,Static c=2,80.0,15.0,1.0,120.74869957487783,2.0,8.007305334464228
repeated_spikes,Repeated spikes,fast_response,Fast-response,static_c2,Static c=2,90,15.0,1.0,170.2258411420315,2.0,11.41202419861361
repeated_spikes,Repeated spikes,fast_response,Fast-response,static_c2,Static c=2,100.0,3.0,1.0,160.77738511562177,2.0,14.67267592495916
repeated_spikes,Repeated spikes,fast_response,Fast-response,static_c2,Static c=2,110.0,3.0,0.9925992273878274,91.04304059514807,2.0,17.171082439443424
repeated_spikes,Repeated spikes,fast_response,Fast-response,static_c2,Static c=2,120.0,3.0,0.7714944277351856,28.995654236328534,2.0,9.818869946477013
repeated_spikes,Repeated spikes,fast_response,Fast-response,static_c2,Static c=2,130,3.0,0.39623308479468344,2.3399845156426577,2.0,1.111685503249152
repeated_spikes,Repeated spikes,fast_response,Fast-response,static_c2,Static c=2,140.0,18.0,0.9887748277465751,40.70539378020454,2.0,2.226504912112782
repeated_spikes,Repeated spikes,fast_response,Fast-response,static_c2,Static c=2,150.0,18.0,1.0,121.73846046401133,2.0,6.698343211360608
repeated_spikes,Repeated spikes,fast_response,Fast-response,static_c2,Static c=2,160.0,18.0,1.0,202.3877381771884,2.0,11.237432143428553
repeated_spikes,Repeated spikes,fast_response,Fast-response,static_c2,Static c=2,170.0,18.0,1.0,283.475233804882,2.0,15.707394416608695
repeated_spikes,Repeated spikes,fast_response,Fast-response,static_c2,Static c=2,180.0,2.0,1.0,343.21114351471095,2.0,20.132434439434785
repeated_spikes,Repeated spikes,fast_response,Fast-response,static_c2,Static c=2,190.0,2.0,1.0,282.162538325562,2.0,24.483763249990346
repeated_spikes,Repeated spikes,fast_response,Fast-response,static_c2,Static c=2,200.0,2.0,1.0,202.24546226452512,2.0,28.94036851059213
repeated_spikes,Repeated spikes,fast_response,Fast-response,static_c2,Static c=2,210.0,2.0,0.9928317571348418,121.83312222035076,2.0,32.23876946830091
repeated_spikes,Repeated spikes,fast_response,Fast-response,static_c2,Static c=2,220.0,2.0,0.8623906125435231,46.76915586632514,2.0,21.74168980191991
repeated_spikes,Repeated spikes,fast_response,Fast-response,static_c2,Static c=2,230.0,2.0,0.37399372487856214,4.8890073206888465,2.0,3.522022235471295
repeated_spikes,Repeated spikes,fast_response,Fast-response,static_c2,Static c=2,240.0,2.0,0.2017484282733467,0.09307050317362836,2.0,0.07994719169759619
repeated_spikes,Repeated spikes,fast_response,Fast-response,static_c2,Static c=2,250.0,2.0,0.20765222244160214,0.01643382047236253,2.0,0.0070760427235476734
repeated_spikes,Repeated spikes,fast_response,Fast-response,static_c6,Static c=6,10.0,2.0,0.06587553287369496,0.0,6.0,0.0
repeated_spikes,Repeated spikes,fast_response,Fast-response,static_c6,Static c=6,20.0,2.0,0.06591745838545396,0.0,6.0,0.0
repeated_spikes,Repeated spikes,fast_response,Fast-response,static_c6,Static c=6,30.0,2.0,0.06697871406363035,0.0,6.0,0.0
repeated_spikes,Repeated spikes,fast_response,Fast-response,static_c6,Static c=6,40.0,2.0,0.06845263619358423,0.0,6.0,0.0
repeated_spikes,Repeated spikes,fast_response,Fast-response,static_c6,Static c=6,50,2.0,0.0708206449199408,0.0,6.0,0.0
repeated_spikes,Repeated spikes,fast_response,Fast-response,static_c6,Static c=6,60.0,15.0,0.4830176339598406,0.08195761640591989,6.0,0.005270121662870924
repeated_spikes,Repeated spikes,fast_response,Fast-response,static_c6,Static c=6,70.0,15.0,0.49439589235650694,0.08358794820092832,6.0,0.005473941255490038
repeated_spikes,Repeated spikes,fast_response,Fast-response,static_c6,Static c=6,80.0,15.0,0.5005185065489549,0.1073960272363081,6.0,0.007042387243853711
repeated_spikes,Repeated spikes,fast_response,Fast-response,static_c6,Static c=6,90,15.0,0.5007175381575276,0.09885686572364859,6.0,0.006458898245795715
repeated_spikes,Repeated spikes,fast_response,Fast-response,static_c6,Static c=6,100.0,3.0,0.110181395112741,0.00016815539112197085,6.0,0.0001397847361930231
repeated_spikes,Repeated spikes,fast_response,Fast-response,static_c6,Static c=6,110.0,3.0,0.09800720152620844,0.0,6.0,0.0
repeated_spikes,Repeated spikes,fast_response,Fast-response,static_c6,Static c=6,120.0,3.0,0.10071857389416315,0.0,6.0,0.0
repeated_spikes,Repeated spikes,fast_response,Fast-response,static_c6,Static c=6,130,3.0,0.09891248799982083,0.0,6.0,0.0
repeated_spikes,Repeated spikes,fast_response,Fast-response,static_c6,Static c=6,140.0,18.0,0.5942152040947138,0.27723619639016417,6.0,0.014616388312603347
repeated_spikes,Repeated spikes,fast_response,Fast-response,static_c6,Static c=6,150.0,18.0,0.6074970860110901,0.34695981358413214,6.0,0.01875266290241139
repeated_spikes,Repeated spikes,fast_response,Fast-response,static_c6,Static c=6,160.0,18.0,0.5959854317491949,0.2909650299721098,6.0,0.015633961434502255
repeated_spikes,Repeated spikes,fast_response,Fast-response,static_c6,Static c=6,170.0,18.0,0.6061478655307063,0.2793894588277006,6.0,0.015267475877685354
repeated_spikes,Repeated spikes,fast_response,Fast-response,static_c6,Static c=6,180.0,2.0,0.3449300362354665,0.14313344851117024,6.0,0.013718941171243053
repeated_spikes,Repeated spikes,fast_response,Fast-response,static_c6,Static c=6,190.0,2.0,0.06686451027105435,0.0,6.0,0.0
repeated_spikes,Repeated spikes,fast_response,Fast-response,static_c6,Static c=6,200.0,2.0,0.06479304836039708,0.0,6.0,0.0
repeated_spikes,Repeated spikes,fast_response,Fast-response,static_c6,Static c=6,210.0,2.0,0.06803060006379492,0.0,6.0,0.0
repeated_spikes,Repeated spikes,fast_response,Fast-response,static_c6,Static c=6,220.0,2.0,0.06848426728465923,0.0,6.0,0.0
repeated_spikes,Repeated spikes,fast_response,Fast-response,static_c6,Static c=6,230.0,2.0,0.06595544083681584,0.0,6.0,0.0
repeated_spikes,Repeated spikes,fast_response,Fast-response,static_c6,Static c=6,240.0,2.0,0.06806098156877938,0.0,6.0,0.0
repeated_spikes,Repeated spikes,fast_response,Fast-response,static_c6,Static c=6,250.0,2.0,0.06479340736022113,0.0,6.0,0.0
repeated_spikes,Repeated spikes,fast_response,Fast-response,dynamic,Dynamic - Fast-response,10.0,2.0,0.1926856506511609,0.015400496958749715,2.0,0.007422507157788329
repeated_spikes,Repeated spikes,fast_response,Fast-response,dynamic,Dynamic - Fast-response,20.0,2.0,0.26693090108823225,0.12102245157443553,1.64,0.0564560271106796
repeated_spikes,Repeated spikes,fast_response,Fast-response,dynamic,Dynamic - Fast-response,30.0,2.0,0.30201191812267175,0.13231668005439734,1.44,0.0642479919572371
repeated_spikes,Repeated spikes,fast_response,Fast-response,dynamic,Dynamic - Fast-response,40.0,2.0,0.3385714302549857,0.1601786184920821,1.27,0.07615762822155565
repeated_spikes,Repeated spikes,fast_response,Fast-response,dynamic,Dynamic - Fast-response,50,2.0,0.3461899554050079,0.18015477698930144,1.23,0.08522586521105094
repeated_spikes,Repeated spikes,fast_response,Fast-response,dynamic,Dynamic - Fast-response,60.0,15.0,0.9899846702346258,45.41619536166368,1.19,2.995040019295837
repeated_spikes,Repeated spikes,fast_response,Fast-response,dynamic,Dynamic - Fast-response,70.0,15.0,1.0,108.73869486397824,2.19,7.30903436326284
repeated_spikes,Repeated spikes,fast_response,Fast-response,dynamic,Dynamic - Fast-response,80.0,15.0,0.9902458989640731,123.50715774644505,3.19,8.172145214492156
repeated_spikes,Repeated spikes,fast_response,Fast-response,dynamic,Dynamic - Fast-response,90,15.0,0.9359191916216858,97.56845030626488,4.18,6.468254100762667
repeated_spikes,Repeated spikes,fast_response,Fast-response,dynamic,Dynamic - Fast-response,100.0,3.0,0.45020434317007,20.075110621494094,5.03,3.279873771907033
repeated_spikes,Repeated spikes,fast_response,Fast-response,dynamic,Dynamic - Fast-response,110.0,3.0,0.11436940962742785,7.815076262924947e-05,5.34,1.1744495462360712e-05
repeated_spikes,Repeated spikes,fast_response,Fast-response,dynamic,Dynamic - Fast-response,120.0,3.0,0.14423798211846442,0.000462990322350052,4.36,0.0001580075351975383
repeated_spikes,Repeated spikes,fast_response,Fast-response,dynamic,Dynamic - Fast-response,130,3.0,0.18166872408346,0.006619354512956974,3.44,0.0019363300194446095
repeated_spikes,Repeated spikes,fast_response,Fast-response,dynamic,Dynamic - Fast-response,140.0,18.0,0.9693696632293117,24.737553120284655,2.68,1.3310574186637658
repeated_spikes,Repeated spikes,fast_response,Fast-response,dynamic,Dynamic - Fast-response,150.0,18.0,0.9726561912956594,48.062088533702074,3.68,2.6469551055109988
repeated_spikes,Repeated spikes,fast_response,Fast-response,dynamic,Dynamic - Fast-response,160.0,18.0,0.858314270293338,38.496787797522686,4.66,2.1473190050566524
repeated_spikes,Repeated spikes,fast_response,Fast-response,dynamic,Dynamic - Fast-response,170.0,18.0,0.7545337186341375,22.04590137796897,5.45,1.231482029245204
repeated_spikes,Repeated spikes,fast_response,Fast-response,dynamic,Dynamic - Fast-response,180.0,2.0,0.3904729348238119,5.1252763785369835,5.87,0.40887795475238575
repeated_spikes,Repeated spikes,fast_response,Fast-response,dynamic,Dynamic - Fast-response,190.0,2.0,0.07156861594372742,0.123392916731555,5.92,0.0981411478350497
repeated_spikes,Repeated spikes,fast_response,Fast-response,dynamic,Dynamic - Fast-response,200.0,2.0,0.07866106767175078,0.0,4.94,0.0
repeated_spikes,Repeated spikes,fast_response,Fast-response,dynamic,Dynamic - Fast-response,210.0,2.0,0.10746006532173888,0.0002451670408475195,3.94,7.825426696974742e-05
repeated_spikes,Repeated spikes,fast_response,Fast-response,dynamic,Dynamic - Fast-response,220.0,2.0,0.1390465982831394,0.002322905306557402,2.99,0.0011187676882416981
repeated_spikes,Repeated spikes,fast_response,Fast-response,dynamic,Dynamic - Fast-response,230.0,2.0,0.1879030013370443,0.01993423836847901,2.18,0.009212661994531083
repeated_spikes,Repeated spikes,fast_response,Fast-response,dynamic,Dynamic - Fast-response,240.0,2.0,0.29006723835959336,0.13241090725437607,1.61,0.059589481574798736
repeated_spikes,Repeated spikes,fast_response,Fast-response,dynamic,Dynamic - Fast-response,250.0,2.0,0.33466236578916225,0.21947345245922542,1.38,0.09157492520105726
bursty,Bursty workload,balanced,Balanced,static_c2,Static c=2,10.0,2.0,0.19821135260889297,0.012618900102296849,2.0,0.005642078640382516
bursty,Bursty workload,balanced,Balanced,static_c2,Static c=2,20.0,2.0,0.19301947230515215,0.012622691435467397,2.0,0.005817093681229268
bursty,Bursty workload,balanced,Balanced,static_c2,Static c=2,30,2.0,0.1989909011850802,0.017440634866669236,2.0,0.0074945318948483304
bursty,Bursty workload,balanced,Balanced,static_c2,Static c=2,40.0,12.0,0.9572068473267917,12.173796192561984,2.0,0.9752423586527204
bursty,Bursty workload,balanced,Balanced,static_c2,Static c=2,50.0,12.0,0.9978476429404235,34.02016538866581,2.0,2.788039740408471
bursty,Bursty workload,balanced,Balanced,static_c2,Static c=2,60.0,3.0,0.9798012259275406,43.15896103981933,2.0,4.334035921591641
bursty,Bursty workload,balanced,Balanced,static_c2,Static c=2,70.0,3.0,0.5214656123138982,6.501427029433023,2.0,2.1998140905285273
bursty,Bursty workload,balanced,Balanced,static_c2,Static c=2,80,3.0,0.2997074397623318,0.07759136187237549,2.0,0.031738312837152435
bursty,Bursty workload,balanced,Balanced,static_c2,Static c=2,90.0,15.0,0.9809553123601726,25.69359953212141,2.0,1.6757617390499207
bursty,Bursty workload,balanced,Balanced,static_c2,Static c=2,100.0,15.0,1.0,76.95331956867061,2.0,5.062573802629486
bursty,Bursty workload,balanced,Balanced,static_c2,Static c=2,110,15.0,1.0,127.70417529113172,2.0,8.47229195836614
bursty,Bursty workload,balanced,Balanced,static_c2,Static c=2,120.0,4.0,1.0,122.23871449811254,2.0,11.859553412437084
bursty,Bursty workload,balanced,Balanced,static_c2,Static c=2,130.0,4.0,0.9743330186767389,61.56041240730291,2.0,12.282844001930439
bursty,Bursty workload,balanced,Balanced,static_c2,Static c=2,140,4.0,0.7052277291386302,16.077607553800117,2.0,4.202185888462449
bursty,Bursty workload,balanced,Balanced,static_c2,Static c=2,150.0,14.0,0.9799396660093403,26.378459290313835,2.0,2.01075910794972
bursty,Bursty workload,balanced,Balanced,static_c2,Static c=2,160.0,14.0,1.0,67.01035450062528,2.0,4.780113135441556
bursty,Bursty workload,balanced,Balanced,static_c2,Static c=2,170,14.0,1.0,106.58711446809815,2.0,7.640501100987201
bursty,Bursty workload,balanced,Balanced,static_c2,Static c=2,180.0,3.0,0.9973596468165405,92.98914549790238,2.0,10.461786046149209
bursty,Bursty workload,balanced,Balanced,static_c2,Static c=2,190.0,3.0,0.8274264492618696,30.48326175605296,2.0,8.30348000338019
bursty,Bursty workload,balanced,Balanced,static_c2,Static c=2,200,3.0,0.3950163957820774,2.937303463661668,2.0,1.1693061539618481
bursty,Bursty workload,balanced,Balanced,static_c2,Static c=2,210.0,10.0,0.8935628532034258,5.8127158817819975,2.0,0.563773549452401
bursty,Bursty workload,balanced,Balanced,static_c2,Static c=2,220.0,10.0,0.940965994644585,10.421334395578686,2.0,0.989561003433264
bursty,Bursty workload,balanced,Balanced,static_c2,Static c=2,230.0,2.0,0.7524381411836955,10.145037866963172,2.0,1.384419517551869
bursty,Bursty workload,balanced,Balanced,static_c2,Static c=2,240.0,2.0,0.20124499382933397,0.09685104015941165,2.0,0.09171044101936897
bursty,Bursty workload,balanced,Balanced,static_c2,Static c=2,250.0,2.0,0.19906866496644013,0.02549813825981538,2.0,0.010395583820604497
bursty,Bursty workload,balanced,Balanced,static_c6,Static c=6,10.0,2.0,0.06653260816739442,0.0,6.0,0.0
bursty,Bursty workload,balanced,Balanced,static_c6,Static c=6,20.0,2.0,0.06541870835887009,0.0,6.0,0.0
bursty,Bursty workload,balanced,Balanced,static_c6,Static c=6,30,2.0,0.0676890667294998,0.0,6.0,0.0
bursty,Bursty workload,balanced,Balanced,static_c6,Static c=6,40.0,12.0,0.3857060696171454,0.027815259164012715,6.0,0.002273657327308018
bursty,Bursty workload,balanced,Balanced,static_c6,Static c=6,50.0,12.0,0.4000588566088392,0.036739062508984066,6.0,0.0028339865564010382
bursty,Bursty workload,balanced,Balanced,static_c6,Static c=6,60.0,3.0,0.25275294897576783,0.013219806111057317,6.0,0.0016462465279751628
bursty,Bursty workload,balanced,Balanced,static_c6,Static c=6,70.0,3.0,0.10023677959656999,0.0,6.0,0.0
bursty,Bursty workload,balanced,Balanced,static_c6,Static c=6,80,3.0,0.1005231398833619,1.9345543930029407e-05,6.0,5.527298265722688e-06
bursty,Bursty workload,balanced,Balanced,static_c6,Static c=6,90.0,15.0,0.48575682181102964,0.0969512280631988,6.0,0.00632115042236418
bursty,Bursty workload,balanced,Balanced,static_c6,Static c=6,100.0,15.0,0.4935788027462625,0.09271338587007168,6.0,0.006039419216607934
bursty,Bursty workload,balanced,Balanced,static_c6,Static c=6,110,15.0,0.5015827883185634,0.12185070870426017,6.0,0.007859830987978477
bursty,Bursty workload,balanced,Balanced,static_c6,Static c=6,120.0,4.0,0.1342228325280439,0.0007311634464976606,6.0,0.0004164371655580193
bursty,Bursty workload,balanced,Balanced,static_c6,Static c=6,130.0,4.0,0.13145240663179594,6.745982098834702e-06,6.0,1.4054129372572297e-06
bursty,Bursty workload,balanced,Balanced,static_c6,Static c=6,140,4.0,0.13368692801979207,1.2531150582049121e-05,6.0,4.042306639370685e-06
bursty,Bursty workload,balanced,Balanced,static_c6,Static c=6,150.0,14.0,0.45331249221826886,0.06579913926080172,6.0,0.004507632884676955
bursty,Bursty workload,balanced,Balanced,static_c6,Static c=6,160.0,14.0,0.45586777376585735,0.06202902165511258,6.0,0.004448917116894637
bursty,Bursty workload,balanced,Balanced,static_c6,Static c=6,170,14.0,0.4735101619760114,0.07239702485709068,6.0,0.004815716994197283
bursty,Bursty workload,balanced,Balanced,static_c6,Static c=6,180.0,3.0,0.11414673822108452,0.0016223371639091794,6.0,0.0013280053226032904
bursty,Bursty workload,balanced,Balanced,static_c6,Static c=6,190.0,3.0,0.10075119147692461,0.0,6.0,0.0
bursty,Bursty workload,balanced,Balanced,static_c6,Static c=6,200,3.0,0.10354428419113398,0.0,6.0,0.0
bursty,Bursty workload,balanced,Balanced,static_c6,Static c=6,210.0,10.0,0.3314606879782994,0.009664847170629398,6.0,0.0008966358954526663
bursty,Bursty workload,balanced,Balanced,static_c6,Static c=6,220.0,10.0,0.32560241984660926,0.007006309502836445,6.0,0.0006740080065579272
bursty,Bursty workload,balanced,Balanced,static_c6,Static c=6,230.0,2.0,0.20630900860173157,0.004203013852415835,6.0,0.0006517219060972022
bursty,Bursty workload,balanced,Balanced,static_c6,Static c=6,240.0,2.0,0.06606813693582458,0.0,6.0,0.0
bursty,Bursty workload,balanced,Balanced,static_c6,Static c=6,250.0,2.0,0.06791063208289908,0.0,6.0,0.0
bursty,Bursty workload,balanced,Balanced,dynamic,Dynamic - Balanced,10.0,2.0,0.19821135260889297,0.012618900102296849,2.0,0.005642078640382516
bursty,Bursty workload,balanced,Balanced,dynamic,Dynamic - Balanced,20.0,2.0,0.2686070981562988,0.1041038337969758,1.65,0.048412007469806416
bursty,Bursty workload,balanced,Balanced,dynamic,Dynamic - Balanced,30,2.0,0.31297431593249003,0.12959492013578072,1.4,0.061320880776188164
bursty,Bursty workload,balanced,Balanced,dynamic,Dynamic - Balanced,40.0,12.0,0.9847045066199452,30.43652455541079,1.22,2.4074944269785363
bursty,Bursty workload,balanced,Balanced,dynamic,Dynamic - Balanced,50.0,12.0,0.9785127697630865,71.5980762598351,2.04,5.879757798289156
bursty,Bursty workload,balanced,Balanced,dynamic,Dynamic - Balanced,60.0,3.0,0.9007939285323978,81.50246790503186,2.22,7.449072430042012
bursty,Bursty workload,balanced,Balanced,dynamic,Dynamic - Balanced,70.0,3.0,0.6076481425634987,26.778008601221597,2.84,6.18875870800934
bursty,Bursty workload,balanced,Balanced,dynamic,Dynamic - Balanced,80,3.0,0.2665250027841842,2.082415569053643,2.89,1.1112164504302333
bursty,Bursty workload,balanced,Balanced,dynamic,Dynamic - Balanced,90.0,15.0,0.9410885106810842,16.41976854699283,2.51,1.063748686310846
bursty,Bursty workload,balanced,Balanced,dynamic,Dynamic - Balanced,100.0,15.0,0.9102206814048963,36.93335353991987,3.04,2.4586862537114826
bursty,Bursty workload,balanced,Balanced,dynamic,Dynamic - Balanced,110,15.0,0.8862164307491147,43.39337885942963,3.5,2.9180077155132254
bursty,Bursty workload,balanced,Balanced,dynamic,Dynamic - Balanced,120.0,4.0,0.4798252480812612,17.21109467594413,3.74,2.2825327084661704
bursty,Bursty workload,balanced,Balanced,dynamic,Dynamic - Balanced,130.0,4.0,0.21898936189289298,0.40882730101569903,3.89,0.21241849599457882
bursty,Bursty workload,balanced,Balanced,dynamic,Dynamic - Balanced,140,4.0,0.2308472319162116,0.01401576212498938,3.49,0.0031361283262651618
bursty,Bursty workload,balanced,Balanced,dynamic,Dynamic - Balanced,150.0,14.0,0.8350689725558685,5.717102095524935,3.13,0.3960830241085833
bursty,Bursty workload,balanced,Balanced,dynamic,Dynamic - Balanced,160.0,14.0,0.8111446374811017,8.643351123823605,3.52,0.6117800706244491
bursty,Bursty workload,balanced,Balanced,dynamic,Dynamic - Balanced,170,14.0,0.7336138206980328,7.979545647605761,3.97,0.5489119489725165
bursty,Bursty workload,balanced,Balanced,dynamic,Dynamic - Balanced,180.0,3.0,0.20731697032668087,2.2780061664192712,4.04,0.3669122821568609
bursty,Bursty workload,balanced,Balanced,dynamic,Dynamic - Balanced,190.0,3.0,0.1801596576411382,0.008154140463610902,3.53,0.019029589750875864
bursty,Bursty workload,balanced,Balanced,dynamic,Dynamic - Balanced,200,3.0,0.19462974080059375,0.0071802273140398835,3.15,0.002200551513639298
bursty,Bursty workload,balanced,Balanced,dynamic,Dynamic - Balanced,210.0,10.0,0.7065854608825565,2.1570536114984034,2.78,0.2144524366486113
bursty,Bursty workload,balanced,Balanced,dynamic,Dynamic - Balanced,220.0,10.0,0.7158665472827324,3.0053383592906653,2.83,0.29440801866917476
bursty,Bursty workload,balanced,Balanced,dynamic,Dynamic - Balanced,230.0,2.0,0.42036336226291104,0.9967253367661959,3.09,0.16192667981379746
bursty,Bursty workload,balanced,Balanced,dynamic,Dynamic - Balanced,240.0,2.0,0.13739742498357213,0.0025172814220777873,3.09,0.0010254027173911585
bursty,Bursty workload,balanced,Balanced,dynamic,Dynamic - Balanced,250.0,2.0,0.1803496392844205,0.01764339735076683,2.23,0.007681079638105781
bursty,Bursty workload,aggressive,Aggressive,static_c2,Static c=2,10.0,2.0,0.19821135260889297,0.012618900102296849,2.0,0.005642078640382516
bursty,Bursty workload,aggressive,Aggressive,static_c2,Static c=2,20.0,2.0,0.19301947230515215,0.012622691435467397,2.0,0.005817093681229268
bursty,Bursty workload,aggressive,Aggressive,static_c2,Static c=2,30,2.0,0.1989909011850802,0.017440634866669236,2.0,0.0074945318948483304
bursty,Bursty workload,aggressive,Aggressive,static_c2,Static c=2,40.0,12.0,0.9572068473267917,12.173796192561984,2.0,0.9752423586527204
bursty,Bursty workload,aggressive,Aggressive,static_c2,Static c=2,50.0,12.0,0.9978476429404235,34.02016538866581,2.0,2.788039740408471
bursty,Bursty workload,aggressive,Aggressive,static_c2,Static c=2,60.0,3.0,0.9798012259275406,43.15896103981933,2.0,4.334035921591641
bursty,Bursty workload,aggressive,Aggressive,static_c2,Static c=2,70.0,3.0,0.5214656123138982,6.501427029433023,2.0,2.1998140905285273
bursty,Bursty workload,aggressive,Aggressive,static_c2,Static c=2,80,3.0,0.2997074397623318,0.07759136187237549,2.0,0.031738312837152435
bursty,Bursty workload,aggressive,Aggressive,static_c2,Static c=2,90.0,15.0,0.9809553123601726,25.69359953212141,2.0,1.6757617390499207
bursty,Bursty workload,aggressive,Aggressive,static_c2,Static c=2,100.0,15.0,1.0,76.95331956867061,2.0,5.062573802629486
bursty,Bursty workload,aggressive,Aggressive,static_c2,Static c=2,110,15.0,1.0,127.70417529113172,2.0,8.47229195836614
bursty,Bursty workload,aggressive,Aggressive,static_c2,Static c=2,120.0,4.0,1.0,122.23871449811254,2.0,11.859553412437084
bursty,Bursty workload,aggressive,Aggressive,static_c2,Static c=2,130.0,4.0,0.9743330186767389,61.56041240730291,2.0,12.282844001930439
bursty,Bursty workload,aggressive,Aggressive,static_c2,Static c=2,140,4.0,0.7052277291386302,16.077607553800117,2.0,4.202185888462449
bursty,Bursty workload,aggressive,Aggressive,static_c2,Static c=2,150.0,14.0,0.9799396660093403,26.378459290313835,2.0,2.01075910794972
bursty,Bursty workload,aggressive,Aggressive,static_c2,Static c=2,160.0,14.0,1.0,67.01035450062528,2.0,4.780113135441556
bursty,Bursty workload,aggressive,Aggressive,static_c2,Static c=2,170,14.0,1.0,106.58711446809815,2.0,7.640501100987201
bursty,Bursty workload,aggressive,Aggressive,static_c2,Static c=2,180.0,3.0,0.9973596468165405,92.98914549790238,2.0,10.461786046149209
bursty,Bursty workload,aggressive,Aggressive,static_c2,Static c=2,190.0,3.0,0.8274264492618696,30.48326175605296,2.0,8.30348000338019
bursty,Bursty workload,aggressive,Aggressive,static_c2,Static c=2,200,3.0,0.3950163957820774,2.937303463661668,2.0,1.1693061539618481
bursty,Bursty workload,aggressive,Aggressive,static_c2,Static c=2,210.0,10.0,0.8935628532034258,5.8127158817819975,2.0,0.563773549452401
bursty,Bursty workload,aggressive,Aggressive,static_c2,Static c=2,220.0,10.0,0.940965994644585,10.421334395578686,2.0,0.989561003433264
bursty,Bursty workload,aggressive,Aggressive,static_c2,Static c=2,230.0,2.0,0.7524381411836955,10.145037866963172,2.0,1.384419517551869
bursty,Bursty workload,aggressive,Aggressive,static_c2,Static c=2,240.0,2.0,0.20124499382933397,0.09685104015941165,2.0,0.09171044101936897
bursty,Bursty workload,aggressive,Aggressive,static_c2,Static c=2,250.0,2.0,0.19906866496644013,0.02549813825981538,2.0,0.010395583820604497
bursty,Bursty workload,aggressive,Aggressive,static_c6,Static c=6,10.0,2.0,0.06653260816739442,0.0,6.0,0.0
bursty,Bursty workload,aggressive,Aggressive,static_c6,Static c=6,20.0,2.0,0.06541870835887009,0.0,6.0,0.0
bursty,Bursty workload,aggressive,Aggressive,static_c6,Static c=6,30,2.0,0.0676890667294998,0.0,6.0,0.0
bursty,Bursty workload,aggressive,Aggressive,static_c6,Static c=6,40.0,12.0,0.3857060696171454,0.027815259164012715,6.0,0.002273657327308018
bursty,Bursty workload,aggressive,Aggressive,static_c6,Static c=6,50.0,12.0,0.4000588566088392,0.036739062508984066,6.0,0.0028339865564010382
bursty,Bursty workload,aggressive,Aggressive,static_c6,Static c=6,60.0,3.0,0.25275294897576783,0.013219806111057317,6.0,0.0016462465279751628
bursty,Bursty workload,aggressive,Aggressive,static_c6,Static c=6,70.0,3.0,0.10023677959656999,0.0,6.0,0.0
bursty,Bursty workload,aggressive,Aggressive,static_c6,Static c=6,80,3.0,0.1005231398833619,1.9345543930029407e-05,6.0,5.527298265722688e-06
bursty,Bursty workload,aggressive,Aggressive,static_c6,Static c=6,90.0,15.0,0.48575682181102964,0.0969512280631988,6.0,0.00632115042236418
bursty,Bursty workload,aggressive,Aggressive,static_c6,Static c=6,100.0,15.0,0.4935788027462625,0.09271338587007168,6.0,0.006039419216607934
bursty,Bursty workload,aggressive,Aggressive,static_c6,Static c=6,110,15.0,0.5015827883185634,0.12185070870426017,6.0,0.007859830987978477
bursty,Bursty workload,aggressive,Aggressive,static_c6,Static c=6,120.0,4.0,0.1342228325280439,0.0007311634464976606,6.0,0.0004164371655580193
bursty,Bursty workload,aggressive,Aggressive,static_c6,Static c=6,130.0,4.0,0.13145240663179594,6.745982098834702e-06,6.0,1.4054129372572297e-06
bursty,Bursty workload,aggressive,Aggressive,static_c6,Static c=6,140,4.0,0.13368692801979207,1.2531150582049121e-05,6.0,4.042306639370685e-06
bursty,Bursty workload,aggressive,Aggressive,static_c6,Static c=6,150.0,14.0,0.45331249221826886,0.06579913926080172,6.0,0.004507632884676955
bursty,Bursty workload,aggressive,Aggressive,static_c6,Static c=6,160.0,14.0,0.45586777376585735,0.06202902165511258,6.0,0.004448917116894637
bursty,Bursty workload,aggressive,Aggressive,static_c6,Static c=6,170,14.0,0.4735101619760114,0.07239702485709068,6.0,0.004815716994197283
bursty,Bursty workload,aggressive,Aggressive,static_c6,Static c=6,180.0,3.0,0.11414673822108452,0.0016223371639091794,6.0,0.0013280053226032904
bursty,Bursty workload,aggressive,Aggressive,static_c6,Static c=6,190.0,3.0,0.10075119147692461,0.0,6.0,0.0
bursty,Bursty workload,aggressive,Aggressive,static_c6,Static c=6,200,3.0,0.10354428419113398,0.0,6.0,0.0
bursty,Bursty workload,aggressive,Aggressive,static_c6,Static c=6,210.0,10.0,0.3314606879782994,0.009664847170629398,6.0,0.0008966358954526663
bursty,Bursty workload,aggressive,Aggressive,static_c6,Static c=6,220.0,10.0,0.32560241984660926,0.007006309502836445,6.0,0.0006740080065579272
bursty,Bursty workload,aggressive,Aggressive,static_c6,Static c=6,230.0,2.0,0.20630900860173157,0.004203013852415835,6.0,0.0006517219060972022
bursty,Bursty workload,aggressive,Aggressive,static_c6,Static c=6,240.0,2.0,0.06606813693582458,0.0,6.0,0.0
bursty,Bursty workload,aggressive,Aggressive,static_c6,Static c=6,250.0,2.0,0.06791063208289908,0.0,6.0,0.0
bursty,Bursty workload,aggressive,Aggressive,dynamic,Dynamic - Aggressive,10.0,2.0,0.19821135260889297,0.012618900102296849,2.0,0.005642078640382516
bursty,Bursty workload,aggressive,Aggressive,dynamic,Dynamic - Aggressive,20.0,2.0,0.2668437239962743,0.10052353970691287,1.67,0.046861807679899475
bursty,Bursty workload,aggressive,Aggressive,dynamic,Dynamic - Aggressive,30,2.0,0.30141126730034384,0.12141468688116654,1.46,0.05648112145880726
bursty,Bursty workload,aggressive,Aggressive,dynamic,Dynamic - Aggressive,40.0,12.0,0.9829862871154792,29.351668668186615,1.27,2.3271696305128957
bursty,Bursty workload,aggressive,Aggressive,dynamic,Dynamic - Aggressive,50.0,12.0,0.9739159725398437,63.19747017028251,2.27,5.169644847344335
bursty,Bursty workload,aggressive,Aggressive,dynamic,Dynamic - Aggressive,60.0,3.0,0.8137402379613886,48.39484922804409,3.27,4.590808292159012
bursty,Bursty workload,aggressive,Aggressive,dynamic,Dynamic - Aggressive,70.0,3.0,0.23583763034720007,2.1808259451946,4.0,1.299297648174051
bursty,Bursty workload,aggressive,Aggressive,dynamic,Dynamic - Aggressive,80,3.0,0.17179434018193918,0.004120939285574166,3.63,0.0012606112003541808
bursty,Bursty workload,aggressive,Aggressive,dynamic,Dynamic - Aggressive,90.0,15.0,0.901949784377322,10.037719621664813,2.91,0.6501384259928591
bursty,Bursty workload,aggressive,Aggressive,dynamic,Dynamic - Aggressive,100.0,15.0,0.8233980864774969,11.678401340727037,3.88,0.7965160268686374
bursty,Bursty workload,aggressive,Aggressive,dynamic,Dynamic - Aggressive,110,15.0,0.6786245263953836,4.616213216978997,4.68,0.31616129901853124
bursty,Bursty workload,aggressive,Aggressive,dynamic,Dynamic - Aggressive,120.0,4.0,0.17383572559415397,0.13908033740515305,5.02,0.04622749951962036
bursty,Bursty workload,aggressive,Aggressive,dynamic,Dynamic - Aggressive,130.0,4.0,0.1896471218136382,0.002986650900490588,4.34,0.0006853406873801976
bursty,Bursty workload,aggressive,Aggressive,dynamic,Dynamic - Aggressive,140,4.0,0.22336520614577876,0.008474513770106143,3.55,0.0021217433335142836
bursty,Bursty workload,aggressive,Aggressive,dynamic,Dynamic - Aggressive,150.0,14.0,0.8624298191416532,7.137182120140522,3.05,0.4877806535806784
bursty,Bursty workload,aggressive,Aggressive,dynamic,Dynamic - Aggressive,160.0,14.0,0.763381597215252,8.477979761166196,3.92,0.5884383667532749
bursty,Bursty workload,aggressive,Aggressive,dynamic,Dynamic - Aggressive,170,14.0,0.6422017367090365,4.119333264239959,4.62,0.2922050568481497
bursty,Bursty workload,aggressive,Aggressive,dynamic,Dynamic - Aggressive,180.0,3.0,0.1409145404330584,0.04661180141396587,4.89,0.028347215654142364
bursty,Bursty workload,aggressive,Aggressive,dynamic,Dynamic - Aggressive,190.0,3.0,0.15662682460094401,0.0006228186121406054,4.17,0.00018756502795379493
bursty,Bursty workload,aggressive,Aggressive,dynamic,Dynamic - Aggressive,200,3.0,0.19673535467752576,0.007539679209772259,3.25,0.002477225000295823
bursty,Bursty workload,aggressive,Aggressive,dynamic,Dynamic - Aggressive,210.0,10.0,0.7302004457539322,2.3420001486747157,2.66,0.22121130866923283
bursty,Bursty workload,aggressive,Aggressive,dynamic,Dynamic - Aggressive,220.0,10.0,0.6379228627532441,1.190620250613082,3.19,0.12520932758729145
bursty,Bursty workload,aggressive,Aggressive,dynamic,Dynamic - Aggressive,230.0,2.0,0.36498920565104337,0.423938066167755,3.52,0.06361001954709904
bursty,Bursty workload,aggressive,Aggressive,dynamic,Dynamic - Aggressive,240.0,2.0,0.1180600743670737,0.0008263866245974611,3.5,0.0003117538121765601
bursty,Bursty workload,aggressive,Aggressive,dynamic,Dynamic - Aggressive,250.0,2.0,0.15773188482597736,0.005886100332068453,2.57,0.002724755583615055
bursty,Bursty workload,conservative,Conservative,static_c2,Static c=2,10.0,2.0,0.19821135260889297,0.012618900102296849,2.0,0.005642078640382516
bursty,Bursty workload,conservative,Conservative,static_c2,Static c=2,20.0,2.0,0.19301947230515215,0.012622691435467397,2.0,0.005817093681229268
bursty,Bursty workload,conservative,Conservative,static_c2,Static c=2,30,2.0,0.1989909011850802,0.017440634866669236,2.0,0.0074945318948483304
bursty,Bursty workload,conservative,Conservative,static_c2,Static c=2,40.0,12.0,0.9572068473267917,12.173796192561984,2.0,0.9752423586527204
bursty,Bursty workload,conservative,Conservative,static_c2,Static c=2,50.0,12.0,0.9978476429404235,34.02016538866581,2.0,2.788039740408471
bursty,Bursty workload,conservative,Conservative,static_c2,Static c=2,60.0,3.0,0.9798012259275406,43.15896103981933,2.0,4.334035921591641
bursty,Bursty workload,conservative,Conservative,static_c2,Static c=2,70.0,3.0,0.5214656123138982,6.501427029433023,2.0,2.1998140905285273
bursty,Bursty workload,conservative,Conservative,static_c2,Static c=2,80,3.0,0.2997074397623318,0.07759136187237549,2.0,0.031738312837152435
bursty,Bursty workload,conservative,Conservative,static_c2,Static c=2,90.0,15.0,0.9809553123601726,25.69359953212141,2.0,1.6757617390499207
bursty,Bursty workload,conservative,Conservative,static_c2,Static c=2,100.0,15.0,1.0,76.95331956867061,2.0,5.062573802629486
bursty,Bursty workload,conservative,Conservative,static_c2,Static c=2,110,15.0,1.0,127.70417529113172,2.0,8.47229195836614
bursty,Bursty workload,conservative,Conservative,static_c2,Static c=2,120.0,4.0,1.0,122.23871449811254,2.0,11.859553412437084
bursty,Bursty workload,conservative,Conservative,static_c2,Static c=2,130.0,4.0,0.9743330186767389,61.56041240730291,2.0,12.282844001930439
bursty,Bursty workload,conservative,Conservative,static_c2,Static c=2,140,4.0,0.7052277291386302,16.077607553800117,2.0,4.202185888462449
bursty,Bursty workload,conservative,Conservative,static_c2,Static c=2,150.0,14.0,0.9799396660093403,26.378459290313835,2.0,2.01075910794972
bursty,Bursty workload,conservative,Conservative,static_c2,Static c=2,160.0,14.0,1.0,67.01035450062528,2.0,4.780113135441556
bursty,Bursty workload,conservative,Conservative,static_c2,Static c=2,170,14.0,1.0,106.58711446809815,2.0,7.640501100987201
bursty,Bursty workload,conservative,Conservative,static_c2,Static c=2,180.0,3.0,0.9973596468165405,92.98914549790238,2.0,10.461786046149209
bursty,Bursty workload,conservative,Conservative,static_c2,Static c=2,190.0,3.0,0.8274264492618696,30.48326175605296,2.0,8.30348000338019
bursty,Bursty workload,conservative,Conservative,static_c2,Static c=2,200,3.0,0.3950163957820774,2.937303463661668,2.0,1.1693061539618481
bursty,Bursty workload,conservative,Conservative,static_c2,Static c=2,210.0,10.0,0.8935628532034258,5.8127158817819975,2.0,0.563773549452401
bursty,Bursty workload,conservative,Conservative,static_c2,Static c=2,220.0,10.0,0.940965994644585,10.421334395578686,2.0,0.989561003433264
bursty,Bursty workload,conservative,Conservative,static_c2,Static c=2,230.0,2.0,0.7524381411836955,10.145037866963172,2.0,1.384419517551869
bursty,Bursty workload,conservative,Conservative,static_c2,Static c=2,240.0,2.0,0.20124499382933397,0.09685104015941165,2.0,0.09171044101936897
bursty,Bursty workload,conservative,Conservative,static_c2,Static c=2,250.0,2.0,0.19906866496644013,0.02549813825981538,2.0,0.010395583820604497
bursty,Bursty workload,conservative,Conservative,static_c6,Static c=6,10.0,2.0,0.06653260816739442,0.0,6.0,0.0
bursty,Bursty workload,conservative,Conservative,static_c6,Static c=6,20.0,2.0,0.06541870835887009,0.0,6.0,0.0
bursty,Bursty workload,conservative,Conservative,static_c6,Static c=6,30,2.0,0.0676890667294998,0.0,6.0,0.0
bursty,Bursty workload,conservative,Conservative,static_c6,Static c=6,40.0,12.0,0.3857060696171454,0.027815259164012715,6.0,0.002273657327308018
bursty,Bursty workload,conservative,Conservative,static_c6,Static c=6,50.0,12.0,0.4000588566088392,0.036739062508984066,6.0,0.0028339865564010382
bursty,Bursty workload,conservative,Conservative,static_c6,Static c=6,60.0,3.0,0.25275294897576783,0.013219806111057317,6.0,0.0016462465279751628
bursty,Bursty workload,conservative,Conservative,static_c6,Static c=6,70.0,3.0,0.10023677959656999,0.0,6.0,0.0
bursty,Bursty workload,conservative,Conservative,static_c6,Static c=6,80,3.0,0.1005231398833619,1.9345543930029407e-05,6.0,5.527298265722688e-06
bursty,Bursty workload,conservative,Conservative,static_c6,Static c=6,90.0,15.0,0.48575682181102964,0.0969512280631988,6.0,0.00632115042236418
bursty,Bursty workload,conservative,Conservative,static_c6,Static c=6,100.0,15.0,0.4935788027462625,0.09271338587007168,6.0,0.006039419216607934
bursty,Bursty workload,conservative,Conservative,static_c6,Static c=6,110,15.0,0.5015827883185634,0.12185070870426017,6.0,0.007859830987978477
bursty,Bursty workload,conservative,Conservative,static_c6,Static c=6,120.0,4.0,0.1342228325280439,0.0007311634464976606,6.0,0.0004164371655580193
bursty,Bursty workload,conservative,Conservative,static_c6,Static c=6,130.0,4.0,0.13145240663179594,6.745982098834702e-06,6.0,1.4054129372572297e-06
bursty,Bursty workload,conservative,Conservative,static_c6,Static c=6,140,4.0,0.13368692801979207,1.2531150582049121e-05,6.0,4.042306639370685e-06
bursty,Bursty workload,conservative,Conservative,static_c6,Static c=6,150.0,14.0,0.45331249221826886,0.06579913926080172,6.0,0.004507632884676955
bursty,Bursty workload,conservative,Conservative,static_c6,Static c=6,160.0,14.0,0.45586777376585735,0.06202902165511258,6.0,0.004448917116894637
bursty,Bursty workload,conservative,Conservative,static_c6,Static c=6,170,14.0,0.4735101619760114,0.07239702485709068,6.0,0.004815716994197283
bursty,Bursty workload,conservative,Conservative,static_c6,Static c=6,180.0,3.0,0.11414673822108452,0.0016223371639091794,6.0,0.0013280053226032904
bursty,Bursty workload,conservative,Conservative,static_c6,Static c=6,190.0,3.0,0.10075119147692461,0.0,6.0,0.0
bursty,Bursty workload,conservative,Conservative,static_c6,Static c=6,200,3.0,0.10354428419113398,0.0,6.0,0.0
bursty,Bursty workload,conservative,Conservative,static_c6,Static c=6,210.0,10.0,0.3314606879782994,0.009664847170629398,6.0,0.0008966358954526663
bursty,Bursty workload,conservative,Conservative,static_c6,Static c=6,220.0,10.0,0.32560241984660926,0.007006309502836445,6.0,0.0006740080065579272
bursty,Bursty workload,conservative,Conservative,static_c6,Static c=6,230.0,2.0,0.20630900860173157,0.004203013852415835,6.0,0.0006517219060972022
bursty,Bursty workload,conservative,Conservative,static_c6,Static c=6,240.0,2.0,0.06606813693582458,0.0,6.0,0.0
bursty,Bursty workload,conservative,Conservative,static_c6,Static c=6,250.0,2.0,0.06791063208289908,0.0,6.0,0.0
bursty,Bursty workload,conservative,Conservative,dynamic,Dynamic - Conservative,10.0,2.0,0.19821135260889297,0.012618900102296849,2.0,0.005642078640382516
bursty,Bursty workload,conservative,Conservative,dynamic,Dynamic - Conservative,20.0,2.0,0.2548250664444719,0.08297493412906232,1.72,0.03927452087820327
bursty,Bursty workload,conservative,Conservative,dynamic,Dynamic - Conservative,30,2.0,0.28762732218195597,0.11191828232762296,1.54,0.05128882052476758
bursty,Bursty workload,conservative,Conservative,dynamic,Dynamic - Conservative,40.0,12.0,0.9782815180350285,26.786112194384227,1.37,2.1218824046585842
bursty,Bursty workload,conservative,Conservative,dynamic,Dynamic - Conservative,50.0,12.0,0.9647903878000801,65.48317502018323,1.98,5.420354899654922
bursty,Bursty workload,conservative,Conservative,dynamic,Dynamic - Conservative,60.0,3.0,0.8325301806128609,80.98609638383635,2.2,7.315430753633856
bursty,Bursty workload,conservative,Conservative,dynamic,Dynamic - Conservative,70.0,3.0,0.6740827483850083,47.754821222722214,2.37,7.878053110953756
bursty,Bursty workload,conservative,Conservative,dynamic,Dynamic - Conservative,80,3.0,0.468702975208514,16.629027763215028,2.43,4.698882481151093
bursty,Bursty workload,conservative,Conservative,dynamic,Dynamic - Conservative,90.0,15.0,0.9644951819903043,26.304613524402903,2.4,2.225314281059904
bursty,Bursty workload,conservative,Conservative,dynamic,Dynamic - Conservative,100.0,15.0,0.9673890804443752,50.15860387524258,2.87,3.283137157816759
bursty,Bursty workload,conservative,Conservative,dynamic,Dynamic - Conservative,110,15.0,0.9509241321155035,55.4348186233901,3.18,3.7267999094066813
bursty,Bursty workload,conservative,Conservative,dynamic,Dynamic - Conservative,120.0,4.0,0.5771425277870647,25.107734088513908,3.4,3.1762268984045448
bursty,Bursty workload,conservative,Conservative,dynamic,Dynamic - Conservative,130.0,4.0,0.2654155940607459,0.9534695614573674,3.49,0.40280667558643174
bursty,Bursty workload,conservative,Conservative,dynamic,Dynamic - Conservative,140,4.0,0.23853186762900389,0.013890831358474829,3.37,0.003482551383238717
bursty,Bursty workload,conservative,Conservative,dynamic,Dynamic - Conservative,150.0,14.0,0.8449431157978858,5.674087144341155,3.2,0.4007445648656329
bursty,Bursty workload,conservative,Conservative,dynamic,Dynamic - Conservative,160.0,14.0,0.8297567380285753,9.623278158311148,3.4,0.6720626790887636
bursty,Bursty workload,conservative,Conservative,dynamic,Dynamic - Conservative,170,14.0,0.8018520313525037,11.345144668080168,3.6,0.8157261835953671
bursty,Bursty workload,conservative,Conservative,dynamic,Dynamic - Conservative,180.0,3.0,0.2388272730644202,4.550408337550311,3.83,0.6323966692944527
bursty,Bursty workload,conservative,Conservative,dynamic,Dynamic - Conservative,190.0,3.0,0.18056639860732066,0.19968864986816762,3.55,0.12036374791693474
bursty,Bursty workload,conservative,Conservative,dynamic,Dynamic - Conservative,200,3.0,0.20212854588746787,0.007749256058475539,3.2,0.002227117382799381
bursty,Bursty workload,conservative,Conservative,dynamic,Dynamic - Conservative,210.0,10.0,0.655357950697685,1.1815093371101495,2.97,0.11124648699367644
bursty,Bursty workload,conservative,Conservative,dynamic,Dynamic - Conservative,220.0,10.0,0.6720877181908109,1.663553258668771,2.98,0.15697756136305377
bursty,Bursty workload,conservative,Conservative,dynamic,Dynamic - Conservative,230.0,2.0,0.42678202642810154,0.9527562964787335,3.01,0.14637727156988442
bursty,Bursty workload,conservative,Conservative,dynamic,Dynamic - Conservative,240.0,2.0,0.14197172302420827,0.002523226633825459,3.02,0.0011578141541663605
bursty,Bursty workload,conservative,Conservative,dynamic,Dynamic - Conservative,250.0,2.0,0.16776881953579997,0.0066933039845835955,2.31,0.002896470688382048
bursty,Bursty workload,queue_priority,Queue-priority,static_c2,Static c=2,10.0,2.0,0.19821135260889297,0.012618900102296849,2.0,0.005642078640382516
bursty,Bursty workload,queue_priority,Queue-priority,static_c2,Static c=2,20.0,2.0,0.19301947230515215,0.012622691435467397,2.0,0.005817093681229268
bursty,Bursty workload,queue_priority,Queue-priority,static_c2,Static c=2,30,2.0,0.1989909011850802,0.017440634866669236,2.0,0.0074945318948483304
bursty,Bursty workload,queue_priority,Queue-priority,static_c2,Static c=2,40.0,12.0,0.9572068473267917,12.173796192561984,2.0,0.9752423586527204
bursty,Bursty workload,queue_priority,Queue-priority,static_c2,Static c=2,50.0,12.0,0.9978476429404235,34.02016538866581,2.0,2.788039740408471
bursty,Bursty workload,queue_priority,Queue-priority,static_c2,Static c=2,60.0,3.0,0.9798012259275406,43.15896103981933,2.0,4.334035921591641
bursty,Bursty workload,queue_priority,Queue-priority,static_c2,Static c=2,70.0,3.0,0.5214656123138982,6.501427029433023,2.0,2.1998140905285273
bursty,Bursty workload,queue_priority,Queue-priority,static_c2,Static c=2,80,3.0,0.2997074397623318,0.07759136187237549,2.0,0.031738312837152435
bursty,Bursty workload,queue_priority,Queue-priority,static_c2,Static c=2,90.0,15.0,0.9809553123601726,25.69359953212141,2.0,1.6757617390499207
bursty,Bursty workload,queue_priority,Queue-priority,static_c2,Static c=2,100.0,15.0,1.0,76.95331956867061,2.0,5.062573802629486
bursty,Bursty workload,queue_priority,Queue-priority,static_c2,Static c=2,110,15.0,1.0,127.70417529113172,2.0,8.47229195836614
bursty,Bursty workload,queue_priority,Queue-priority,static_c2,Static c=2,120.0,4.0,1.0,122.23871449811254,2.0,11.859553412437084
bursty,Bursty workload,queue_priority,Queue-priority,static_c2,Static c=2,130.0,4.0,0.9743330186767389,61.56041240730291,2.0,12.282844001930439
bursty,Bursty workload,queue_priority,Queue-priority,static_c2,Static c=2,140,4.0,0.7052277291386302,16.077607553800117,2.0,4.202185888462449
bursty,Bursty workload,queue_priority,Queue-priority,static_c2,Static c=2,150.0,14.0,0.9799396660093403,26.378459290313835,2.0,2.01075910794972
bursty,Bursty workload,queue_priority,Queue-priority,static_c2,Static c=2,160.0,14.0,1.0,67.01035450062528,2.0,4.780113135441556
bursty,Bursty workload,queue_priority,Queue-priority,static_c2,Static c=2,170,14.0,1.0,106.58711446809815,2.0,7.640501100987201
bursty,Bursty workload,queue_priority,Queue-priority,static_c2,Static c=2,180.0,3.0,0.9973596468165405,92.98914549790238,2.0,10.461786046149209
bursty,Bursty workload,queue_priority,Queue-priority,static_c2,Static c=2,190.0,3.0,0.8274264492618696,30.48326175605296,2.0,8.30348000338019
bursty,Bursty workload,queue_priority,Queue-priority,static_c2,Static c=2,200,3.0,0.3950163957820774,2.937303463661668,2.0,1.1693061539618481
bursty,Bursty workload,queue_priority,Queue-priority,static_c2,Static c=2,210.0,10.0,0.8935628532034258,5.8127158817819975,2.0,0.563773549452401
bursty,Bursty workload,queue_priority,Queue-priority,static_c2,Static c=2,220.0,10.0,0.940965994644585,10.421334395578686,2.0,0.989561003433264
bursty,Bursty workload,queue_priority,Queue-priority,static_c2,Static c=2,230.0,2.0,0.7524381411836955,10.145037866963172,2.0,1.384419517551869
bursty,Bursty workload,queue_priority,Queue-priority,static_c2,Static c=2,240.0,2.0,0.20124499382933397,0.09685104015941165,2.0,0.09171044101936897
bursty,Bursty workload,queue_priority,Queue-priority,static_c2,Static c=2,250.0,2.0,0.19906866496644013,0.02549813825981538,2.0,0.010395583820604497
bursty,Bursty workload,queue_priority,Queue-priority,static_c6,Static c=6,10.0,2.0,0.06653260816739442,0.0,6.0,0.0
bursty,Bursty workload,queue_priority,Queue-priority,static_c6,Static c=6,20.0,2.0,0.06541870835887009,0.0,6.0,0.0
bursty,Bursty workload,queue_priority,Queue-priority,static_c6,Static c=6,30,2.0,0.0676890667294998,0.0,6.0,0.0
bursty,Bursty workload,queue_priority,Queue-priority,static_c6,Static c=6,40.0,12.0,0.3857060696171454,0.027815259164012715,6.0,0.002273657327308018
bursty,Bursty workload,queue_priority,Queue-priority,static_c6,Static c=6,50.0,12.0,0.4000588566088392,0.036739062508984066,6.0,0.0028339865564010382
bursty,Bursty workload,queue_priority,Queue-priority,static_c6,Static c=6,60.0,3.0,0.25275294897576783,0.013219806111057317,6.0,0.0016462465279751628
bursty,Bursty workload,queue_priority,Queue-priority,static_c6,Static c=6,70.0,3.0,0.10023677959656999,0.0,6.0,0.0
bursty,Bursty workload,queue_priority,Queue-priority,static_c6,Static c=6,80,3.0,0.1005231398833619,1.9345543930029407e-05,6.0,5.527298265722688e-06
bursty,Bursty workload,queue_priority,Queue-priority,static_c6,Static c=6,90.0,15.0,0.48575682181102964,0.0969512280631988,6.0,0.00632115042236418
bursty,Bursty workload,queue_priority,Queue-priority,static_c6,Static c=6,100.0,15.0,0.4935788027462625,0.09271338587007168,6.0,0.006039419216607934
bursty,Bursty workload,queue_priority,Queue-priority,static_c6,Static c=6,110,15.0,0.5015827883185634,0.12185070870426017,6.0,0.007859830987978477
bursty,Bursty workload,queue_priority,Queue-priority,static_c6,Static c=6,120.0,4.0,0.1342228325280439,0.0007311634464976606,6.0,0.0004164371655580193
bursty,Bursty workload,queue_priority,Queue-priority,static_c6,Static c=6,130.0,4.0,0.13145240663179594,6.745982098834702e-06,6.0,1.4054129372572297e-06
bursty,Bursty workload,queue_priority,Queue-priority,static_c6,Static c=6,140,4.0,0.13368692801979207,1.2531150582049121e-05,6.0,4.042306639370685e-06
bursty,Bursty workload,queue_priority,Queue-priority,static_c6,Static c=6,150.0,14.0,0.45331249221826886,0.06579913926080172,6.0,0.004507632884676955
bursty,Bursty workload,queue_priority,Queue-priority,static_c6,Static c=6,160.0,14.0,0.45586777376585735,0.06202902165511258,6.0,0.004448917116894637
bursty,Bursty workload,queue_priority,Queue-priority,static_c6,Static c=6,170,14.0,0.4735101619760114,0.07239702485709068,6.0,0.004815716994197283
bursty,Bursty workload,queue_priority,Queue-priority,static_c6,Static c=6,180.0,3.0,0.11414673822108452,0.0016223371639091794,6.0,0.0013280053226032904
bursty,Bursty workload,queue_priority,Queue-priority,static_c6,Static c=6,190.0,3.0,0.10075119147692461,0.0,6.0,0.0
bursty,Bursty workload,queue_priority,Queue-priority,static_c6,Static c=6,200,3.0,0.10354428419113398,0.0,6.0,0.0
bursty,Bursty workload,queue_priority,Queue-priority,static_c6,Static c=6,210.0,10.0,0.3314606879782994,0.009664847170629398,6.0,0.0008966358954526663
bursty,Bursty workload,queue_priority,Queue-priority,static_c6,Static c=6,220.0,10.0,0.32560241984660926,0.007006309502836445,6.0,0.0006740080065579272
bursty,Bursty workload,queue_priority,Queue-priority,static_c6,Static c=6,230.0,2.0,0.20630900860173157,0.004203013852415835,6.0,0.0006517219060972022
bursty,Bursty workload,queue_priority,Queue-priority,static_c6,Static c=6,240.0,2.0,0.06606813693582458,0.0,6.0,0.0
bursty,Bursty workload,queue_priority,Queue-priority,static_c6,Static c=6,250.0,2.0,0.06791063208289908,0.0,6.0,0.0
bursty,Bursty workload,queue_priority,Queue-priority,dynamic,Dynamic - Queue-priority,10.0,2.0,0.19821135260889297,0.012618900102296849,2.0,0.005642078640382516
bursty,Bursty workload,queue_priority,Queue-priority,dynamic,Dynamic - Queue-priority,20.0,2.0,0.27104048763951577,0.10651629359949281,1.64,0.04961823737106493
bursty,Bursty workload,queue_priority,Queue-priority,dynamic,Dynamic - Queue-priority,30,2.0,0.3130678397387217,0.12959492013578072,1.4,0.06128094600288932
bursty,Bursty workload,queue_priority,Queue-priority,dynamic,Dynamic - Queue-priority,40.0,12.0,0.9846931884826092,30.420836935771526,1.22,2.41196988057198
bursty,Bursty workload,queue_priority,Queue-priority,dynamic,Dynamic - Queue-priority,50.0,12.0,0.9790530038452927,71.57824314142853,2.03,5.880348013384986
bursty,Bursty workload,queue_priority,Queue-priority,dynamic,Dynamic - Queue-priority,60.0,3.0,0.9028493014055279,81.46309046970232,2.22,7.4505831839611085
bursty,Bursty workload,queue_priority,Queue-priority,dynamic,Dynamic - Queue-priority,70.0,3.0,0.6072116367957662,26.71131961788478,2.84,6.17507102263815
bursty,Bursty workload,queue_priority,Queue-priority,dynamic,Dynamic - Queue-priority,80,3.0,0.2640908844766365,2.082598810671049,2.9,1.1112803575234824
bursty,Bursty workload,queue_priority,Queue-priority,dynamic,Dynamic - Queue-priority,90.0,15.0,0.9423778744527483,16.398690431369566,2.52,1.0587203576630657
bursty,Bursty workload,queue_priority,Queue-priority,dynamic,Dynamic - Queue-priority,100.0,15.0,0.9262167222125575,38.13087933470788,2.96,2.526401555004406
bursty,Bursty workload,queue_priority,Queue-priority,dynamic,Dynamic - Queue-priority,110,15.0,0.8969667670730034,44.295278032267504,3.46,2.9905740865598216
bursty,Bursty workload,queue_priority,Queue-priority,dynamic,Dynamic - Queue-priority,120.0,4.0,0.4895880155310334,17.6029657920199,3.63,2.333445459408209
bursty,Bursty workload,queue_priority,Queue-priority,dynamic,Dynamic - Queue-priority,130.0,4.0,0.22035598215276408,0.42075933107590385,3.85,0.21660582844740034
bursty,Bursty workload,queue_priority,Queue-priority,dynamic,Dynamic - Queue-priority,140,4.0,0.22716055030577315,0.008635212551057547,3.47,0.002165084010276116
bursty,Bursty workload,queue_priority,Queue-priority,dynamic,Dynamic - Queue-priority,150.0,14.0,0.8522033853239118,5.506529386349843,3.06,0.38006236037946584
bursty,Bursty workload,queue_priority,Queue-priority,dynamic,Dynamic - Queue-priority,160.0,14.0,0.863956978856645,9.199491064557956,3.25,0.6425211302234259
bursty,Bursty workload,queue_priority,Queue-priority,dynamic,Dynamic - Queue-priority,170,14.0,0.8030465094390901,8.620708331850853,3.66,0.5892933914511588
bursty,Bursty workload,queue_priority,Queue-priority,dynamic,Dynamic - Queue-priority,180.0,3.0,0.21709609812105757,2.359846382348429,3.84,0.3530826520816655
bursty,Bursty workload,queue_priority,Queue-priority,dynamic,Dynamic - Queue-priority,190.0,3.0,0.18005170270638224,0.02823567815005856,3.49,0.04104255412560881
bursty,Bursty workload,queue_priority,Queue-priority,dynamic,Dynamic - Queue-priority,200,3.0,0.20060502609742326,0.007982550437868097,3.06,0.0026879703537391296
bursty,Bursty workload,queue_priority,Queue-priority,dynamic,Dynamic - Queue-priority,210.0,10.0,0.720345455295822,2.4594959951399646,2.7,0.2369614808741614
bursty,Bursty workload,queue_priority,Queue-priority,dynamic,Dynamic - Queue-priority,220.0,10.0,0.7469237747261878,3.38387669145816,2.73,0.33084870897718877
bursty,Bursty workload,queue_priority,Queue-priority,dynamic,Dynamic - Queue-priority,230.0,2.0,0.4367161397386222,0.9650868829412648,2.96,0.17201548482571716
bursty,Bursty workload,queue_priority,Queue-priority,dynamic,Dynamic - Queue-priority,240.0,2.0,0.1416081385149871,0.003299300685183965,2.96,0.0013960328051397294
bursty,Bursty workload,queue_priority,Queue-priority,dynamic,Dynamic - Queue-priority,250.0,2.0,0.19299617865104804,0.03393125265796411,2.14,0.014228096552781216
bursty,Bursty workload,fast_response,Fast-response,static_c2,Static c=2,10.0,2.0,0.19821135260889297,0.012618900102296849,2.0,0.005642078640382516
bursty,Bursty workload,fast_response,Fast-response,static_c2,Static c=2,20.0,2.0,0.19301947230515215,0.012622691435467397,2.0,0.005817093681229268
bursty,Bursty workload,fast_response,Fast-response,static_c2,Static c=2,30,2.0,0.1989909011850802,0.017440634866669236,2.0,0.0074945318948483304
bursty,Bursty workload,fast_response,Fast-response,static_c2,Static c=2,40.0,12.0,0.9572068473267917,12.173796192561984,2.0,0.9752423586527204
bursty,Bursty workload,fast_response,Fast-response,static_c2,Static c=2,50.0,12.0,0.9978476429404235,34.02016538866581,2.0,2.788039740408471
bursty,Bursty workload,fast_response,Fast-response,static_c2,Static c=2,60.0,3.0,0.9798012259275406,43.15896103981933,2.0,4.334035921591641
bursty,Bursty workload,fast_response,Fast-response,static_c2,Static c=2,70.0,3.0,0.5214656123138982,6.501427029433023,2.0,2.1998140905285273
bursty,Bursty workload,fast_response,Fast-response,static_c2,Static c=2,80,3.0,0.2997074397623318,0.07759136187237549,2.0,0.031738312837152435
bursty,Bursty workload,fast_response,Fast-response,static_c2,Static c=2,90.0,15.0,0.9809553123601726,25.69359953212141,2.0,1.6757617390499207
bursty,Bursty workload,fast_response,Fast-response,static_c2,Static c=2,100.0,15.0,1.0,76.95331956867061,2.0,5.062573802629486
bursty,Bursty workload,fast_response,Fast-response,static_c2,Static c=2,110,15.0,1.0,127.70417529113172,2.0,8.47229195836614
bursty,Bursty workload,fast_response,Fast-response,static_c2,Static c=2,120.0,4.0,1.0,122.23871449811254,2.0,11.859553412437084
bursty,Bursty workload,fast_response,Fast-response,static_c2,Static c=2,130.0,4.0,0.9743330186767389,61.56041240730291,2.0,12.282844001930439
bursty,Bursty workload,fast_response,Fast-response,static_c2,Static c=2,140,4.0,0.7052277291386302,16.077607553800117,2.0,4.202185888462449
bursty,Bursty workload,fast_response,Fast-response,static_c2,Static c=2,150.0,14.0,0.9799396660093403,26.378459290313835,2.0,2.01075910794972
bursty,Bursty workload,fast_response,Fast-response,static_c2,Static c=2,160.0,14.0,1.0,67.01035450062528,2.0,4.780113135441556
bursty,Bursty workload,fast_response,Fast-response,static_c2,Static c=2,170,14.0,1.0,106.58711446809815,2.0,7.640501100987201
bursty,Bursty workload,fast_response,Fast-response,static_c2,Static c=2,180.0,3.0,0.9973596468165405,92.98914549790238,2.0,10.461786046149209
bursty,Bursty workload,fast_response,Fast-response,static_c2,Static c=2,190.0,3.0,0.8274264492618696,30.48326175605296,2.0,8.30348000338019
bursty,Bursty workload,fast_response,Fast-response,static_c2,Static c=2,200,3.0,0.3950163957820774,2.937303463661668,2.0,1.1693061539618481
bursty,Bursty workload,fast_response,Fast-response,static_c2,Static c=2,210.0,10.0,0.8935628532034258,5.8127158817819975,2.0,0.563773549452401
bursty,Bursty workload,fast_response,Fast-response,static_c2,Static c=2,220.0,10.0,0.940965994644585,10.421334395578686,2.0,0.989561003433264
bursty,Bursty workload,fast_response,Fast-response,static_c2,Static c=2,230.0,2.0,0.7524381411836955,10.145037866963172,2.0,1.384419517551869
bursty,Bursty workload,fast_response,Fast-response,static_c2,Static c=2,240.0,2.0,0.20124499382933397,0.09685104015941165,2.0,0.09171044101936897
bursty,Bursty workload,fast_response,Fast-response,static_c2,Static c=2,250.0,2.0,0.19906866496644013,0.02549813825981538,2.0,0.010395583820604497
bursty,Bursty workload,fast_response,Fast-response,static_c6,Static c=6,10.0,2.0,0.06653260816739442,0.0,6.0,0.0
bursty,Bursty workload,fast_response,Fast-response,static_c6,Static c=6,20.0,2.0,0.06541870835887009,0.0,6.0,0.0
bursty,Bursty workload,fast_response,Fast-response,static_c6,Static c=6,30,2.0,0.0676890667294998,0.0,6.0,0.0
bursty,Bursty workload,fast_response,Fast-response,static_c6,Static c=6,40.0,12.0,0.3857060696171454,0.027815259164012715,6.0,0.002273657327308018
bursty,Bursty workload,fast_response,Fast-response,static_c6,Static c=6,50.0,12.0,0.4000588566088392,0.036739062508984066,6.0,0.0028339865564010382
bursty,Bursty workload,fast_response,Fast-response,static_c6,Static c=6,60.0,3.0,0.25275294897576783,0.013219806111057317,6.0,0.0016462465279751628
bursty,Bursty workload,fast_response,Fast-response,static_c6,Static c=6,70.0,3.0,0.10023677959656999,0.0,6.0,0.0
bursty,Bursty workload,fast_response,Fast-response,static_c6,Static c=6,80,3.0,0.1005231398833619,1.9345543930029407e-05,6.0,5.527298265722688e-06
bursty,Bursty workload,fast_response,Fast-response,static_c6,Static c=6,90.0,15.0,0.48575682181102964,0.0969512280631988,6.0,0.00632115042236418
bursty,Bursty workload,fast_response,Fast-response,static_c6,Static c=6,100.0,15.0,0.4935788027462625,0.09271338587007168,6.0,0.006039419216607934
bursty,Bursty workload,fast_response,Fast-response,static_c6,Static c=6,110,15.0,0.5015827883185634,0.12185070870426017,6.0,0.007859830987978477
bursty,Bursty workload,fast_response,Fast-response,static_c6,Static c=6,120.0,4.0,0.1342228325280439,0.0007311634464976606,6.0,0.0004164371655580193
bursty,Bursty workload,fast_response,Fast-response,static_c6,Static c=6,130.0,4.0,0.13145240663179594,6.745982098834702e-06,6.0,1.4054129372572297e-06
bursty,Bursty workload,fast_response,Fast-response,static_c6,Static c=6,140,4.0,0.13368692801979207,1.2531150582049121e-05,6.0,4.042306639370685e-06
bursty,Bursty workload,fast_response,Fast-response,static_c6,Static c=6,150.0,14.0,0.45331249221826886,0.06579913926080172,6.0,0.004507632884676955
bursty,Bursty workload,fast_response,Fast-response,static_c6,Static c=6,160.0,14.0,0.45586777376585735,0.06202902165511258,6.0,0.004448917116894637
bursty,Bursty workload,fast_response,Fast-response,static_c6,Static c=6,170,14.0,0.4735101619760114,0.07239702485709068,6.0,0.004815716994197283
bursty,Bursty workload,fast_response,Fast-response,static_c6,Static c=6,180.0,3.0,0.11414673822108452,0.0016223371639091794,6.0,0.0013280053226032904
bursty,Bursty workload,fast_response,Fast-response,static_c6,Static c=6,190.0,3.0,0.10075119147692461,0.0,6.0,0.0
bursty,Bursty workload,fast_response,Fast-response,static_c6,Static c=6,200,3.0,0.10354428419113398,0.0,6.0,0.0
bursty,Bursty workload,fast_response,Fast-response,static_c6,Static c=6,210.0,10.0,0.3314606879782994,0.009664847170629398,6.0,0.0008966358954526663
bursty,Bursty workload,fast_response,Fast-response,static_c6,Static c=6,220.0,10.0,0.32560241984660926,0.007006309502836445,6.0,0.0006740080065579272
bursty,Bursty workload,fast_response,Fast-response,static_c6,Static c=6,230.0,2.0,0.20630900860173157,0.004203013852415835,6.0,0.0006517219060972022
bursty,Bursty workload,fast_response,Fast-response,static_c6,Static c=6,240.0,2.0,0.06606813693582458,0.0,6.0,0.0
bursty,Bursty workload,fast_response,Fast-response,static_c6,Static c=6,250.0,2.0,0.06791063208289908,0.0,6.0,0.0
bursty,Bursty workload,fast_response,Fast-response,dynamic,Dynamic - Fast-response,10.0,2.0,0.19821135260889297,0.012618900102296849,2.0,0.005642078640382516
bursty,Bursty workload,fast_response,Fast-response,dynamic,Dynamic - Fast-response,20.0,2.0,0.2668437239962743,0.10052353970691287,1.67,0.046861807679899475
bursty,Bursty workload,fast_response,Fast-response,dynamic,Dynamic - Fast-response,30,2.0,0.30141126730034384,0.12141468688116654,1.46,0.05648112145880726
bursty,Bursty workload,fast_response,Fast-response,dynamic,Dynamic - Fast-response,40.0,12.0,0.9829862871154792,29.351668668186615,1.27,2.3271696305128957
bursty,Bursty workload,fast_response,Fast-response,dynamic,Dynamic - Fast-response,50.0,12.0,0.9739159725398437,63.19747017028251,2.27,5.169644847344335
bursty,Bursty workload,fast_response,Fast-response,dynamic,Dynamic - Fast-response,60.0,3.0,0.8137402379613886,48.39484922804409,3.27,4.590808292159012
bursty,Bursty workload,fast_response,Fast-response,dynamic,Dynamic - Fast-response,70.0,3.0,0.23583763034720007,2.1808259451946,4.0,1.299297648174051
bursty,Bursty workload,fast_response,Fast-response,dynamic,Dynamic - Fast-response,80,3.0,0.1724466544534131,0.004120939285574166,3.6,0.0012606112003541808
bursty,Bursty workload,fast_response,Fast-response,dynamic,Dynamic - Fast-response,90.0,15.0,0.9102613549873871,10.257280670478035,2.88,0.6648980916458332
bursty,Bursty workload,fast_response,Fast-response,dynamic,Dynamic - Fast-response,100.0,15.0,0.8305565942856862,11.74861239760683,3.84,0.8014894825137917
bursty,Bursty workload,fast_response,Fast-response,dynamic,Dynamic - Fast-response,110,15.0,0.6986708926203914,4.770369198805951,4.6,0.32521490518410756
bursty,Bursty workload,fast_response,Fast-response,dynamic,Dynamic - Fast-response,120.0,4.0,0.1783596990258828,0.15358697234350155,4.91,0.05195909835000914
bursty,Bursty workload,fast_response,Fast-response,dynamic,Dynamic - Fast-response,130.0,4.0,0.19202199810586396,0.003407689064934147,4.3,0.000803991405520448
bursty,Bursty workload,fast_response,Fast-response,dynamic,Dynamic - Fast-response,140,4.0,0.22612592915808244,0.010303966244794509,3.52,0.0026316468648457745
bursty,Bursty workload,fast_response,Fast-response,dynamic,Dynamic - Fast-response,150.0,14.0,0.8617334085803107,7.040289984062135,3.06,0.4814971521407252
bursty,Bursty workload,fast_response,Fast-response,dynamic,Dynamic - Fast-response,160.0,14.0,0.770224367748592,8.064823758311935,3.86,0.5700647006614735
bursty,Bursty workload,fast_response,Fast-response,dynamic,Dynamic - Fast-response,170,14.0,0.6794670047045573,3.9370188538093625,4.39,0.2778733907656663
bursty,Bursty workload,fast_response,Fast-response,dynamic,Dynamic - Fast-response,180.0,3.0,0.14981333268889763,0.04908086276975527,4.65,0.02739729637040562
bursty,Bursty workload,fast_response,Fast-response,dynamic,Dynamic - Fast-response,190.0,3.0,0.16307704104012544,0.001433353189126734,3.97,0.0004171556515247802
bursty,Bursty workload,fast_response,Fast-response,dynamic,Dynamic - Fast-response,200,3.0,0.20819992248473085,0.013185525647853948,3.14,0.0041345298981952435
bursty,Bursty workload,fast_response,Fast-response,dynamic,Dynamic - Fast-response,210.0,10.0,0.7471656482692456,2.8387533586626397,2.62,0.2644970827430651
bursty,Bursty workload,fast_response,Fast-response,dynamic,Dynamic - Fast-response,220.0,10.0,0.6616743305371182,1.7077700799992848,3.12,0.17804527539568063
bursty,Bursty workload,fast_response,Fast-response,dynamic,Dynamic - Fast-response,230.0,2.0,0.3876370264909818,0.5261653957985157,3.34,0.07993047935212029
bursty,Bursty workload,fast_response,Fast-response,dynamic,Dynamic - Fast-response,240.0,2.0,0.12433148753412672,0.0012004077576054613,3.33,0.0005028720866915571
bursty,Bursty workload,fast_response,Fast-response,dynamic,Dynamic - Fast-response,250.0,2.0,0.1649016218196527,0.00724435550533454,2.43,0.003343225014032834
